[Sat Mar 22 14:29:27.250434 2025] [ssl:warn] [pid 3680:tid 460] AH01909: www.example.com:443:0 server certificate does NOT include an ID which matches the server name
[Sat Mar 22 14:29:27.297379 2025] [ssl:warn] [pid 3680:tid 460] AH01909: www.example.com:443:0 server certificate does NOT include an ID which matches the server name
[Sat Mar 22 14:29:27.349353 2025] [mpm_winnt:notice] [pid 3680:tid 460] AH00455: Apache/2.4.58 (Win64) OpenSSL/3.1.3 PHP/8.2.12 configured -- resuming normal operations
[Sat Mar 22 14:29:27.349353 2025] [mpm_winnt:notice] [pid 3680:tid 460] AH00456: Apache Lounge VS17 Server built: Oct 18 2023 13:03:18
[Sat Mar 22 14:29:27.349353 2025] [core:notice] [pid 3680:tid 460] AH00094: Command line: 'C:\\xampp\\apache\\bin\\httpd.exe -d C:/xampp/apache'
[Sat Mar 22 14:29:27.365153 2025] [mpm_winnt:notice] [pid 3680:tid 460] AH00418: Parent: Created child process 10528
[Sat Mar 22 14:29:27.972401 2025] [ssl:warn] [pid 10528:tid 456] AH01909: www.example.com:443:0 server certificate does NOT include an ID which matches the server name
[Sat Mar 22 14:29:28.022134 2025] [ssl:warn] [pid 10528:tid 456] AH01909: www.example.com:443:0 server certificate does NOT include an ID which matches the server name
[Sat Mar 22 14:29:28.079156 2025] [mpm_winnt:notice] [pid 10528:tid 456] AH00354: Child: Starting 150 worker threads.
[Sat Mar 22 14:30:12.734305 2025] [ssl:warn] [pid 8220:tid 524] AH01909: www.example.com:443:0 server certificate does NOT include an ID which matches the server name
[Sat Mar 22 14:30:12.799289 2025] [ssl:warn] [pid 8220:tid 524] AH01909: www.example.com:443:0 server certificate does NOT include an ID which matches the server name
[Sat Mar 22 14:30:12.843408 2025] [mpm_winnt:notice] [pid 8220:tid 524] AH00455: Apache/2.4.58 (Win64) OpenSSL/3.1.3 PHP/8.2.12 configured -- resuming normal operations
[Sat Mar 22 14:30:12.843408 2025] [mpm_winnt:notice] [pid 8220:tid 524] AH00456: Apache Lounge VS17 Server built: Oct 18 2023 13:03:18
[Sat Mar 22 14:30:12.843408 2025] [core:notice] [pid 8220:tid 524] AH00094: Command line: 'c:\\xampp\\apache\\bin\\httpd.exe -d C:/xampp/apache'
[Sat Mar 22 14:30:12.858454 2025] [mpm_winnt:notice] [pid 8220:tid 524] AH00418: Parent: Created child process 11032
[Sat Mar 22 14:30:13.358371 2025] [ssl:warn] [pid 11032:tid 452] AH01909: www.example.com:443:0 server certificate does NOT include an ID which matches the server name
[Sat Mar 22 14:30:13.389307 2025] [ssl:warn] [pid 11032:tid 452] AH01909: www.example.com:443:0 server certificate does NOT include an ID which matches the server name
[Sat Mar 22 14:30:13.415083 2025] [mpm_winnt:notice] [pid 11032:tid 452] AH00354: Child: Starting 150 worker threads.
[Sat Mar 22 14:33:24.351829 2025] [ssl:warn] [pid 22208:tid 484] AH01909: www.example.com:443:0 server certificate does NOT include an ID which matches the server name
[Sat Mar 22 14:33:24.398877 2025] [core:warn] [pid 22208:tid 484] AH00098: pid file C:/xampp/apache/logs/httpd.pid overwritten -- Unclean shutdown of previous Apache run?
[Sat Mar 22 14:33:24.401876 2025] [ssl:warn] [pid 22208:tid 484] AH01909: www.example.com:443:0 server certificate does NOT include an ID which matches the server name
[Sat Mar 22 14:33:24.442397 2025] [mpm_winnt:notice] [pid 22208:tid 484] AH00455: Apache/2.4.58 (Win64) OpenSSL/3.1.3 PHP/8.2.12 configured -- resuming normal operations
[Sat Mar 22 14:33:24.442397 2025] [mpm_winnt:notice] [pid 22208:tid 484] AH00456: Apache Lounge VS17 Server built: Oct 18 2023 13:03:18
[Sat Mar 22 14:33:24.442397 2025] [core:notice] [pid 22208:tid 484] AH00094: Command line: 'c:\\xampp\\apache\\bin\\httpd.exe -d C:/xampp/apache'
[Sat Mar 22 14:33:24.456079 2025] [mpm_winnt:notice] [pid 22208:tid 484] AH00418: Parent: Created child process 9980
[Sat Mar 22 14:33:24.874409 2025] [ssl:warn] [pid 9980:tid 512] AH01909: www.example.com:443:0 server certificate does NOT include an ID which matches the server name
[Sat Mar 22 14:33:24.908951 2025] [ssl:warn] [pid 9980:tid 512] AH01909: www.example.com:443:0 server certificate does NOT include an ID which matches the server name
[Sat Mar 22 14:33:24.957208 2025] [mpm_winnt:notice] [pid 9980:tid 512] AH00354: Child: Starting 150 worker threads.
[Sat Mar 22 14:49:35.959873 2025] [ssl:warn] [pid 11732:tid 456] AH01909: www.example.com:443:0 server certificate does NOT include an ID which matches the server name
[Sat Mar 22 14:49:36.006430 2025] [core:warn] [pid 11732:tid 456] AH00098: pid file C:/xampp/apache/logs/httpd.pid overwritten -- Unclean shutdown of previous Apache run?
[Sat Mar 22 14:49:36.008424 2025] [ssl:warn] [pid 11732:tid 456] AH01909: www.example.com:443:0 server certificate does NOT include an ID which matches the server name
[Sat Mar 22 14:49:36.043804 2025] [mpm_winnt:notice] [pid 11732:tid 456] AH00455: Apache/2.4.58 (Win64) OpenSSL/3.1.3 PHP/8.2.12 configured -- resuming normal operations
[Sat Mar 22 14:49:36.043804 2025] [mpm_winnt:notice] [pid 11732:tid 456] AH00456: Apache Lounge VS17 Server built: Oct 18 2023 13:03:18
[Sat Mar 22 14:49:36.043804 2025] [core:notice] [pid 11732:tid 456] AH00094: Command line: 'c:\\xampp\\apache\\bin\\httpd.exe -d C:/xampp/apache'
[Sat Mar 22 14:49:36.059305 2025] [mpm_winnt:notice] [pid 11732:tid 456] AH00418: Parent: Created child process 7376
[Sat Mar 22 14:49:36.505478 2025] [ssl:warn] [pid 7376:tid 468] AH01909: www.example.com:443:0 server certificate does NOT include an ID which matches the server name
[Sat Mar 22 14:49:36.544730 2025] [ssl:warn] [pid 7376:tid 468] AH01909: www.example.com:443:0 server certificate does NOT include an ID which matches the server name
[Sat Mar 22 14:49:36.586972 2025] [mpm_winnt:notice] [pid 7376:tid 468] AH00354: Child: Starting 150 worker threads.
[Sat Mar 22 15:15:26.469031 2025] [php:error] [pid 7376:tid 1940] [client ::1:51815] script 'C:/xampp/htdocs/5basics checklogin.php' not found or unable to stat
[Sat Mar 22 15:15:26.660879 2025] [php:error] [pid 7376:tid 1916] [client ::1:51816] script 'C:/xampp/htdocs/5basics checklogin.php' not found or unable to stat
[Sat Mar 22 15:16:24.609839 2025] [php:error] [pid 7376:tid 1916] [client ::1:51832] PHP Fatal error:  Uncaught mysqli_sql_exception: Access denied for user 'root'@'localhost' (using password: YES) in C:\\xampp\\htdocs\\open_db.php:7\nStack trace:\n#0 C:\\xampp\\htdocs\\open_db.php(7): mysqli->__construct('localhost', 'root', Object(SensitiveParameterValue), 'ayush')\n#1 C:\\xampp\\htdocs\\checklogin.php(3): require('C:\\\\xampp\\\\htdocs...')\n#2 {main}\n  thrown in C:\\xampp\\htdocs\\open_db.php on line 7
[Sat Mar 22 15:16:24.643046 2025] [php:error] [pid 7376:tid 1940] [client ::1:51834] PHP Fatal error:  Uncaught mysqli_sql_exception: Access denied for user 'root'@'localhost' (using password: YES) in C:\\xampp\\htdocs\\open_db.php:7\nStack trace:\n#0 C:\\xampp\\htdocs\\open_db.php(7): mysqli->__construct('localhost', 'root', Object(SensitiveParameterValue), 'ayush')\n#1 C:\\xampp\\htdocs\\checklogin.php(3): require('C:\\\\xampp\\\\htdocs...')\n#2 {main}\n  thrown in C:\\xampp\\htdocs\\open_db.php on line 7
[Sat Mar 22 20:03:41.115851 2025] [mpm_winnt:crit] [pid 7376:tid 468] AH02538: Child: Parent process exited abruptly. Child process is ending
[Sat Mar 22 20:03:53.189751 2025] [ssl:warn] [pid 1868:tid 472] AH01909: www.example.com:443:0 server certificate does NOT include an ID which matches the server name
[Sat Mar 22 20:03:53.227506 2025] [core:warn] [pid 1868:tid 472] AH00098: pid file C:/xampp/apache/logs/httpd.pid overwritten -- Unclean shutdown of previous Apache run?
[Sat Mar 22 20:03:53.229499 2025] [ssl:warn] [pid 1868:tid 472] AH01909: www.example.com:443:0 server certificate does NOT include an ID which matches the server name
[Sat Mar 22 20:03:53.258987 2025] [mpm_winnt:notice] [pid 1868:tid 472] AH00455: Apache/2.4.58 (Win64) OpenSSL/3.1.3 PHP/8.2.12 configured -- resuming normal operations
[Sat Mar 22 20:03:53.258987 2025] [mpm_winnt:notice] [pid 1868:tid 472] AH00456: Apache Lounge VS17 Server built: Oct 18 2023 13:03:18
[Sat Mar 22 20:03:53.258987 2025] [core:notice] [pid 1868:tid 472] AH00094: Command line: 'c:\\xampp\\apache\\bin\\httpd.exe -d C:/xampp/apache'
[Sat Mar 22 20:03:53.268075 2025] [mpm_winnt:notice] [pid 1868:tid 472] AH00418: Parent: Created child process 20872
[Sat Mar 22 20:03:53.650322 2025] [ssl:warn] [pid 20872:tid 476] AH01909: www.example.com:443:0 server certificate does NOT include an ID which matches the server name
[Sat Mar 22 20:03:53.678055 2025] [ssl:warn] [pid 20872:tid 476] AH01909: www.example.com:443:0 server certificate does NOT include an ID which matches the server name
[Sat Mar 22 20:03:53.714421 2025] [mpm_winnt:notice] [pid 20872:tid 476] AH00354: Child: Starting 150 worker threads.
[Sun Mar 23 09:01:23.916745 2025] [ssl:warn] [pid 11656:tid 488] AH01909: www.example.com:443:0 server certificate does NOT include an ID which matches the server name
[Sun Mar 23 09:01:23.964816 2025] [core:warn] [pid 11656:tid 488] AH00098: pid file C:/xampp/apache/logs/httpd.pid overwritten -- Unclean shutdown of previous Apache run?
[Sun Mar 23 09:01:23.967023 2025] [ssl:warn] [pid 11656:tid 488] AH01909: www.example.com:443:0 server certificate does NOT include an ID which matches the server name
[Sun Mar 23 09:01:24.035988 2025] [mpm_winnt:notice] [pid 11656:tid 488] AH00455: Apache/2.4.58 (Win64) OpenSSL/3.1.3 PHP/8.2.12 configured -- resuming normal operations
[Sun Mar 23 09:01:24.035988 2025] [mpm_winnt:notice] [pid 11656:tid 488] AH00456: Apache Lounge VS17 Server built: Oct 18 2023 13:03:18
[Sun Mar 23 09:01:24.035988 2025] [core:notice] [pid 11656:tid 488] AH00094: Command line: 'c:\\xampp\\apache\\bin\\httpd.exe -d C:/xampp/apache'
[Sun Mar 23 09:01:24.052068 2025] [mpm_winnt:notice] [pid 11656:tid 488] AH00418: Parent: Created child process 26704
[Sun Mar 23 09:01:24.545091 2025] [ssl:warn] [pid 26704:tid 456] AH01909: www.example.com:443:0 server certificate does NOT include an ID which matches the server name
[Sun Mar 23 09:01:24.584663 2025] [ssl:warn] [pid 26704:tid 456] AH01909: www.example.com:443:0 server certificate does NOT include an ID which matches the server name
[Sun Mar 23 09:01:24.629915 2025] [mpm_winnt:notice] [pid 26704:tid 456] AH00354: Child: Starting 150 worker threads.
[Sun Mar 23 09:06:40.811887 2025] [php:error] [pid 26704:tid 1948] [client ::1:64477] script 'C:/xampp/htdocs/dashboard/login.php' not found or unable to stat
[Sun Mar 23 09:06:40.855331 2025] [php:error] [pid 26704:tid 1940] [client ::1:64478] script 'C:/xampp/htdocs/dashboard/login.php' not found or unable to stat
[Sun Mar 23 09:07:10.967070 2025] [php:error] [pid 26704:tid 1948] [client ::1:64505] PHP Fatal error:  Uncaught mysqli_sql_exception: Access denied for user 'root'@'localhost' (using password: YES) in C:\\xampp\\htdocs\\connect\\open_db.php:7\nStack trace:\n#0 C:\\xampp\\htdocs\\connect\\open_db.php(7): mysqli->__construct('localhost', 'root', Object(SensitiveParameterValue), 'ayush')\n#1 C:\\xampp\\htdocs\\connect\\loginaction.php(2): require('C:\\\\xampp\\\\htdocs...')\n#2 {main}\n  thrown in C:\\xampp\\htdocs\\connect\\open_db.php on line 7, referer: http://localhost/connect/login.php
[Sun Mar 23 09:07:11.017584 2025] [php:error] [pid 26704:tid 1940] [client ::1:64507] PHP Fatal error:  Uncaught mysqli_sql_exception: Access denied for user 'root'@'localhost' (using password: YES) in C:\\xampp\\htdocs\\connect\\open_db.php:7\nStack trace:\n#0 C:\\xampp\\htdocs\\connect\\open_db.php(7): mysqli->__construct('localhost', 'root', Object(SensitiveParameterValue), 'ayush')\n#1 C:\\xampp\\htdocs\\connect\\loginaction.php(2): require('C:\\\\xampp\\\\htdocs...')\n#2 {main}\n  thrown in C:\\xampp\\htdocs\\connect\\open_db.php on line 7
[Sun Mar 23 09:07:16.571219 2025] [php:error] [pid 26704:tid 1948] [client ::1:64519] script 'C:/xampp/htdocs/connect/usernew.php' not found or unable to stat, referer: http://localhost/connect/login.php
[Sun Mar 23 09:07:16.611889 2025] [php:error] [pid 26704:tid 1940] [client ::1:64520] script 'C:/xampp/htdocs/connect/usernew.php' not found or unable to stat
[Sun Mar 23 09:37:39.523401 2025] [php:error] [pid 26704:tid 1956] [client ::1:65465] PHP Parse error:  syntax error, unexpected token "=" in C:\\xampp\\htdocs\\demo\\index.php on line 4
[Sun Mar 23 09:37:39.717554 2025] [php:error] [pid 26704:tid 1940] [client ::1:65466] PHP Parse error:  syntax error, unexpected token "=" in C:\\xampp\\htdocs\\demo\\index.php on line 4
[Sun Mar 23 10:12:25.786960 2025] [php:error] [pid 26704:tid 1956] [client ::1:50313] PHP Parse error:  syntax error, unexpected variable "$execute" in C:\\xampp\\htdocs\\demo\\website.php on line 24
[Sun Mar 23 10:12:26.003468 2025] [php:error] [pid 26704:tid 1940] [client ::1:50314] PHP Parse error:  syntax error, unexpected variable "$execute" in C:\\xampp\\htdocs\\demo\\website.php on line 24
[Sun Mar 23 10:13:58.266119 2025] [php:error] [pid 26704:tid 1940] [client ::1:50349] PHP Fatal error:  Uncaught mysqli_sql_exception: Unknown database 'user' in C:\\xampp\\htdocs\\demo\\website.php:16\nStack trace:\n#0 C:\\xampp\\htdocs\\demo\\website.php(16): mysqli_connect('localhost', 'root', Object(SensitiveParameterValue), 'user')\n#1 {main}\n  thrown in C:\\xampp\\htdocs\\demo\\website.php on line 16
[Sun Mar 23 10:13:58.303438 2025] [php:error] [pid 26704:tid 1956] [client ::1:50351] PHP Fatal error:  Uncaught mysqli_sql_exception: Unknown database 'user' in C:\\xampp\\htdocs\\demo\\website.php:16\nStack trace:\n#0 C:\\xampp\\htdocs\\demo\\website.php(16): mysqli_connect('localhost', 'root', Object(SensitiveParameterValue), 'user')\n#1 {main}\n  thrown in C:\\xampp\\htdocs\\demo\\website.php on line 16
[Sun Mar 23 10:16:58.433314 2025] [php:error] [pid 26704:tid 1956] [client ::1:50412] PHP Fatal error:  Uncaught mysqli_sql_exception: Unknown database 'user' in C:\\xampp\\htdocs\\demo\\website.php:16\nStack trace:\n#0 C:\\xampp\\htdocs\\demo\\website.php(16): mysqli_connect('localhost', 'root', Object(SensitiveParameterValue), 'user')\n#1 {main}\n  thrown in C:\\xampp\\htdocs\\demo\\website.php on line 16
[Sun Mar 23 10:16:58.469434 2025] [php:error] [pid 26704:tid 1940] [client ::1:50414] PHP Fatal error:  Uncaught mysqli_sql_exception: Unknown database 'user' in C:\\xampp\\htdocs\\demo\\website.php:16\nStack trace:\n#0 C:\\xampp\\htdocs\\demo\\website.php(16): mysqli_connect('localhost', 'root', Object(SensitiveParameterValue), 'user')\n#1 {main}\n  thrown in C:\\xampp\\htdocs\\demo\\website.php on line 16
[Sun Mar 23 10:17:00.188491 2025] [php:error] [pid 26704:tid 1956] [client ::1:50412] PHP Fatal error:  Uncaught mysqli_sql_exception: Unknown database 'user' in C:\\xampp\\htdocs\\demo\\website.php:16\nStack trace:\n#0 C:\\xampp\\htdocs\\demo\\website.php(16): mysqli_connect('localhost', 'root', Object(SensitiveParameterValue), 'user')\n#1 {main}\n  thrown in C:\\xampp\\htdocs\\demo\\website.php on line 16
[Sun Mar 23 10:17:00.228042 2025] [php:error] [pid 26704:tid 1940] [client ::1:50414] PHP Fatal error:  Uncaught mysqli_sql_exception: Unknown database 'user' in C:\\xampp\\htdocs\\demo\\website.php:16\nStack trace:\n#0 C:\\xampp\\htdocs\\demo\\website.php(16): mysqli_connect('localhost', 'root', Object(SensitiveParameterValue), 'user')\n#1 {main}\n  thrown in C:\\xampp\\htdocs\\demo\\website.php on line 16
[Sun Mar 23 10:17:00.363176 2025] [php:error] [pid 26704:tid 1956] [client ::1:50412] PHP Fatal error:  Uncaught mysqli_sql_exception: Unknown database 'user' in C:\\xampp\\htdocs\\demo\\website.php:16\nStack trace:\n#0 C:\\xampp\\htdocs\\demo\\website.php(16): mysqli_connect('localhost', 'root', Object(SensitiveParameterValue), 'user')\n#1 {main}\n  thrown in C:\\xampp\\htdocs\\demo\\website.php on line 16
[Sun Mar 23 10:17:00.412341 2025] [php:error] [pid 26704:tid 1940] [client ::1:50414] PHP Fatal error:  Uncaught mysqli_sql_exception: Unknown database 'user' in C:\\xampp\\htdocs\\demo\\website.php:16\nStack trace:\n#0 C:\\xampp\\htdocs\\demo\\website.php(16): mysqli_connect('localhost', 'root', Object(SensitiveParameterValue), 'user')\n#1 {main}\n  thrown in C:\\xampp\\htdocs\\demo\\website.php on line 16
[Sun Mar 23 10:17:00.550388 2025] [php:error] [pid 26704:tid 1956] [client ::1:50412] PHP Fatal error:  Uncaught mysqli_sql_exception: Unknown database 'user' in C:\\xampp\\htdocs\\demo\\website.php:16\nStack trace:\n#0 C:\\xampp\\htdocs\\demo\\website.php(16): mysqli_connect('localhost', 'root', Object(SensitiveParameterValue), 'user')\n#1 {main}\n  thrown in C:\\xampp\\htdocs\\demo\\website.php on line 16
[Sun Mar 23 10:17:00.590361 2025] [php:error] [pid 26704:tid 1940] [client ::1:50414] PHP Fatal error:  Uncaught mysqli_sql_exception: Unknown database 'user' in C:\\xampp\\htdocs\\demo\\website.php:16\nStack trace:\n#0 C:\\xampp\\htdocs\\demo\\website.php(16): mysqli_connect('localhost', 'root', Object(SensitiveParameterValue), 'user')\n#1 {main}\n  thrown in C:\\xampp\\htdocs\\demo\\website.php on line 16
[Sun Mar 23 10:17:00.726510 2025] [php:error] [pid 26704:tid 1956] [client ::1:50412] PHP Fatal error:  Uncaught mysqli_sql_exception: Unknown database 'user' in C:\\xampp\\htdocs\\demo\\website.php:16\nStack trace:\n#0 C:\\xampp\\htdocs\\demo\\website.php(16): mysqli_connect('localhost', 'root', Object(SensitiveParameterValue), 'user')\n#1 {main}\n  thrown in C:\\xampp\\htdocs\\demo\\website.php on line 16
[Sun Mar 23 10:17:00.766189 2025] [php:error] [pid 26704:tid 1940] [client ::1:50414] PHP Fatal error:  Uncaught mysqli_sql_exception: Unknown database 'user' in C:\\xampp\\htdocs\\demo\\website.php:16\nStack trace:\n#0 C:\\xampp\\htdocs\\demo\\website.php(16): mysqli_connect('localhost', 'root', Object(SensitiveParameterValue), 'user')\n#1 {main}\n  thrown in C:\\xampp\\htdocs\\demo\\website.php on line 16
[Sun Mar 23 10:17:00.913689 2025] [php:error] [pid 26704:tid 1956] [client ::1:50412] PHP Fatal error:  Uncaught mysqli_sql_exception: Unknown database 'user' in C:\\xampp\\htdocs\\demo\\website.php:16\nStack trace:\n#0 C:\\xampp\\htdocs\\demo\\website.php(16): mysqli_connect('localhost', 'root', Object(SensitiveParameterValue), 'user')\n#1 {main}\n  thrown in C:\\xampp\\htdocs\\demo\\website.php on line 16
[Sun Mar 23 10:17:00.955533 2025] [php:error] [pid 26704:tid 1940] [client ::1:50414] PHP Fatal error:  Uncaught mysqli_sql_exception: Unknown database 'user' in C:\\xampp\\htdocs\\demo\\website.php:16\nStack trace:\n#0 C:\\xampp\\htdocs\\demo\\website.php(16): mysqli_connect('localhost', 'root', Object(SensitiveParameterValue), 'user')\n#1 {main}\n  thrown in C:\\xampp\\htdocs\\demo\\website.php on line 16
[Sun Mar 23 10:23:51.827774 2025] [php:error] [pid 26704:tid 1936] [client ::1:50651] PHP Fatal error:  Uncaught mysqli_sql_exception: Unknown database 'user' in C:\\xampp\\htdocs\\demo\\website.php:16\nStack trace:\n#0 C:\\xampp\\htdocs\\demo\\website.php(16): mysqli_connect('localhost', 'root', Object(SensitiveParameterValue), 'user')\n#1 {main}\n  thrown in C:\\xampp\\htdocs\\demo\\website.php on line 16
[Sun Mar 23 10:23:52.021234 2025] [php:error] [pid 26704:tid 1976] [client ::1:50666] PHP Fatal error:  Uncaught mysqli_sql_exception: Unknown database 'user' in C:\\xampp\\htdocs\\demo\\website.php:16\nStack trace:\n#0 C:\\xampp\\htdocs\\demo\\website.php(16): mysqli_connect('localhost', 'root', Object(SensitiveParameterValue), 'user')\n#1 {main}\n  thrown in C:\\xampp\\htdocs\\demo\\website.php on line 16
[Sun Mar 23 10:23:53.365512 2025] [php:error] [pid 26704:tid 1936] [client ::1:50651] PHP Fatal error:  Uncaught mysqli_sql_exception: Unknown database 'user' in C:\\xampp\\htdocs\\demo\\website.php:16\nStack trace:\n#0 C:\\xampp\\htdocs\\demo\\website.php(16): mysqli_connect('localhost', 'root', Object(SensitiveParameterValue), 'user')\n#1 {main}\n  thrown in C:\\xampp\\htdocs\\demo\\website.php on line 16
[Sun Mar 23 10:23:53.408495 2025] [php:error] [pid 26704:tid 1976] [client ::1:50666] PHP Fatal error:  Uncaught mysqli_sql_exception: Unknown database 'user' in C:\\xampp\\htdocs\\demo\\website.php:16\nStack trace:\n#0 C:\\xampp\\htdocs\\demo\\website.php(16): mysqli_connect('localhost', 'root', Object(SensitiveParameterValue), 'user')\n#1 {main}\n  thrown in C:\\xampp\\htdocs\\demo\\website.php on line 16
[Sun Mar 23 10:23:53.586326 2025] [php:error] [pid 26704:tid 1936] [client ::1:50651] PHP Fatal error:  Uncaught mysqli_sql_exception: Unknown database 'user' in C:\\xampp\\htdocs\\demo\\website.php:16\nStack trace:\n#0 C:\\xampp\\htdocs\\demo\\website.php(16): mysqli_connect('localhost', 'root', Object(SensitiveParameterValue), 'user')\n#1 {main}\n  thrown in C:\\xampp\\htdocs\\demo\\website.php on line 16
[Sun Mar 23 10:23:53.622621 2025] [php:error] [pid 26704:tid 1976] [client ::1:50666] PHP Fatal error:  Uncaught mysqli_sql_exception: Unknown database 'user' in C:\\xampp\\htdocs\\demo\\website.php:16\nStack trace:\n#0 C:\\xampp\\htdocs\\demo\\website.php(16): mysqli_connect('localhost', 'root', Object(SensitiveParameterValue), 'user')\n#1 {main}\n  thrown in C:\\xampp\\htdocs\\demo\\website.php on line 16
[Sun Mar 23 10:23:56.445791 2025] [php:error] [pid 26704:tid 1936] [client ::1:50651] PHP Fatal error:  Uncaught mysqli_sql_exception: Unknown database 'user' in C:\\xampp\\htdocs\\demo\\website.php:16\nStack trace:\n#0 C:\\xampp\\htdocs\\demo\\website.php(16): mysqli_connect('localhost', 'root', Object(SensitiveParameterValue), 'user')\n#1 {main}\n  thrown in C:\\xampp\\htdocs\\demo\\website.php on line 16
[Sun Mar 23 10:23:56.474348 2025] [php:error] [pid 26704:tid 1976] [client ::1:50666] PHP Fatal error:  Uncaught mysqli_sql_exception: Unknown database 'user' in C:\\xampp\\htdocs\\demo\\website.php:16\nStack trace:\n#0 C:\\xampp\\htdocs\\demo\\website.php(16): mysqli_connect('localhost', 'root', Object(SensitiveParameterValue), 'user')\n#1 {main}\n  thrown in C:\\xampp\\htdocs\\demo\\website.php on line 16
[Sun Mar 23 10:23:59.835319 2025] [php:error] [pid 26704:tid 1936] [client ::1:50651] PHP Fatal error:  Uncaught mysqli_sql_exception: Unknown database 'user' in C:\\xampp\\htdocs\\demo\\website.php:16\nStack trace:\n#0 C:\\xampp\\htdocs\\demo\\website.php(16): mysqli_connect('localhost', 'root', Object(SensitiveParameterValue), 'user')\n#1 {main}\n  thrown in C:\\xampp\\htdocs\\demo\\website.php on line 16
[Sun Mar 23 10:23:59.865874 2025] [php:error] [pid 26704:tid 1976] [client ::1:50666] PHP Fatal error:  Uncaught mysqli_sql_exception: Unknown database 'user' in C:\\xampp\\htdocs\\demo\\website.php:16\nStack trace:\n#0 C:\\xampp\\htdocs\\demo\\website.php(16): mysqli_connect('localhost', 'root', Object(SensitiveParameterValue), 'user')\n#1 {main}\n  thrown in C:\\xampp\\htdocs\\demo\\website.php on line 16
[Sun Mar 23 10:26:39.213924 2025] [php:error] [pid 26704:tid 1936] [client ::1:50744] PHP Fatal error:  Uncaught Error: Call to undefined function mysql_query() in C:\\xampp\\htdocs\\demo\\website.php:24\nStack trace:\n#0 {main}\n  thrown in C:\\xampp\\htdocs\\demo\\website.php on line 24, referer: http://localhost/demo/website.php
[Sun Mar 23 10:27:59.781064 2025] [php:error] [pid 26704:tid 1976] [client ::1:50805] PHP Fatal error:  Uncaught Error: Call to undefined function mysql_query() in C:\\xampp\\htdocs\\demo\\website.php:24\nStack trace:\n#0 {main}\n  thrown in C:\\xampp\\htdocs\\demo\\website.php on line 24, referer: http://localhost/demo/website.php
[Sun Mar 23 10:28:10.133654 2025] [php:error] [pid 26704:tid 1948] [client ::1:50809] PHP Fatal error:  Uncaught Error: Call to undefined function mysql_query() in C:\\xampp\\htdocs\\demo\\website.php:24\nStack trace:\n#0 {main}\n  thrown in C:\\xampp\\htdocs\\demo\\website.php on line 24, referer: http://localhost/demo/website.php
[Sun Mar 23 10:28:12.016966 2025] [php:error] [pid 26704:tid 1948] [client ::1:50809] PHP Fatal error:  Uncaught Error: Call to undefined function mysql_query() in C:\\xampp\\htdocs\\demo\\website.php:24\nStack trace:\n#0 {main}\n  thrown in C:\\xampp\\htdocs\\demo\\website.php on line 24, referer: http://localhost/demo/website.php
[Sun Mar 23 10:28:16.710763 2025] [php:error] [pid 26704:tid 1948] [client ::1:50809] PHP Fatal error:  Uncaught Error: Call to undefined function mysql_query() in C:\\xampp\\htdocs\\demo\\website.php:24\nStack trace:\n#0 {main}\n  thrown in C:\\xampp\\htdocs\\demo\\website.php on line 24, referer: http://localhost/demo/website.php
[Sun Mar 23 10:28:29.249899 2025] [php:error] [pid 26704:tid 1976] [client ::1:50819] PHP Fatal error:  Uncaught Error: Call to undefined function mysql_query() in C:\\xampp\\htdocs\\demo\\website.php:24\nStack trace:\n#0 {main}\n  thrown in C:\\xampp\\htdocs\\demo\\website.php on line 24, referer: http://localhost/demo/website.php
[Mon Mar 24 14:12:09.787137 2025] [ssl:warn] [pid 26412:tid 468] AH01909: www.example.com:443:0 server certificate does NOT include an ID which matches the server name
[Mon Mar 24 14:12:09.842892 2025] [core:warn] [pid 26412:tid 468] AH00098: pid file C:/xampp/apache/logs/httpd.pid overwritten -- Unclean shutdown of previous Apache run?
[Mon Mar 24 14:12:09.844880 2025] [ssl:warn] [pid 26412:tid 468] AH01909: www.example.com:443:0 server certificate does NOT include an ID which matches the server name
[Mon Mar 24 14:12:09.950659 2025] [mpm_winnt:notice] [pid 26412:tid 468] AH00455: Apache/2.4.58 (Win64) OpenSSL/3.1.3 PHP/8.2.12 configured -- resuming normal operations
[Mon Mar 24 14:12:09.950659 2025] [mpm_winnt:notice] [pid 26412:tid 468] AH00456: Apache Lounge VS17 Server built: Oct 18 2023 13:03:18
[Mon Mar 24 14:12:09.950659 2025] [core:notice] [pid 26412:tid 468] AH00094: Command line: 'c:\\xampp\\apache\\bin\\httpd.exe -d C:/xampp/apache'
[Mon Mar 24 14:12:09.966512 2025] [mpm_winnt:notice] [pid 26412:tid 468] AH00418: Parent: Created child process 20096
[Mon Mar 24 14:12:10.422792 2025] [ssl:warn] [pid 20096:tid 496] AH01909: www.example.com:443:0 server certificate does NOT include an ID which matches the server name
[Mon Mar 24 14:12:10.465761 2025] [ssl:warn] [pid 20096:tid 496] AH01909: www.example.com:443:0 server certificate does NOT include an ID which matches the server name
[Mon Mar 24 14:12:10.505858 2025] [mpm_winnt:notice] [pid 20096:tid 496] AH00354: Child: Starting 150 worker threads.
[Mon Mar 24 14:15:11.577947 2025] [php:error] [pid 20096:tid 1932] [client ::1:55631] PHP Parse error:  syntax error, unexpected token "=" in C:\\xampp\\htdocs\\connect\\index.php on line 4, referer: http://localhost/
[Mon Mar 24 14:15:11.620062 2025] [php:error] [pid 20096:tid 1940] [client ::1:55632] PHP Parse error:  syntax error, unexpected token "=" in C:\\xampp\\htdocs\\connect\\index.php on line 4
[Mon Mar 24 14:31:03.230981 2025] [php:error] [pid 20096:tid 1932] [client ::1:56019] script 'C:/xampp/htdocs/connect/usernew.php' not found or unable to stat, referer: http://localhost/connect/login.php
[Mon Mar 24 14:31:03.268694 2025] [php:error] [pid 20096:tid 1940] [client ::1:56020] script 'C:/xampp/htdocs/connect/usernew.php' not found or unable to stat
[Mon Mar 24 14:32:13.354439 2025] [php:error] [pid 20096:tid 1940] [client ::1:56041] script 'C:/xampp/htdocs/connect/usernew.php' not found or unable to stat, referer: http://localhost/connect/login.php
[Mon Mar 24 14:32:13.387812 2025] [php:error] [pid 20096:tid 1932] [client ::1:56042] script 'C:/xampp/htdocs/connect/usernew.php' not found or unable to stat
[Mon Mar 24 14:32:18.375072 2025] [php:error] [pid 20096:tid 1940] [client ::1:56041] PHP Fatal error:  Uncaught mysqli_sql_exception: Access denied for user 'root'@'localhost' (using password: YES) in C:\\xampp\\htdocs\\connect\\open_db.php:7\nStack trace:\n#0 C:\\xampp\\htdocs\\connect\\open_db.php(7): mysqli->__construct('localhost', 'root', Object(SensitiveParameterValue), 'ayush')\n#1 C:\\xampp\\htdocs\\connect\\loginaction.php(2): require('C:\\\\xampp\\\\htdocs...')\n#2 {main}\n  thrown in C:\\xampp\\htdocs\\connect\\open_db.php on line 7, referer: http://localhost/connect/login.php
[Mon Mar 24 14:32:18.420032 2025] [php:error] [pid 20096:tid 1932] [client ::1:56042] PHP Fatal error:  Uncaught mysqli_sql_exception: Access denied for user 'root'@'localhost' (using password: YES) in C:\\xampp\\htdocs\\connect\\open_db.php:7\nStack trace:\n#0 C:\\xampp\\htdocs\\connect\\open_db.php(7): mysqli->__construct('localhost', 'root', Object(SensitiveParameterValue), 'ayush')\n#1 C:\\xampp\\htdocs\\connect\\loginaction.php(2): require('C:\\\\xampp\\\\htdocs...')\n#2 {main}\n  thrown in C:\\xampp\\htdocs\\connect\\open_db.php on line 7
[Mon Mar 24 14:35:37.667799 2025] [php:error] [pid 20096:tid 1940] [client ::1:56149] PHP Fatal error:  Uncaught mysqli_sql_exception: Access denied for user 'root'@'localhost' (using password: YES) in C:\\xampp\\htdocs\\connect\\insertAction.php:7\nStack trace:\n#0 C:\\xampp\\htdocs\\connect\\insertAction.php(7): mysqli->__construct('localhost', 'root', Object(SensitiveParameterValue), 'ayush')\n#1 {main}\n  thrown in C:\\xampp\\htdocs\\connect\\insertAction.php on line 7, referer: http://localhost/connect/insertform.php
[Mon Mar 24 14:35:37.715562 2025] [php:error] [pid 20096:tid 1932] [client ::1:56151] PHP Fatal error:  Uncaught mysqli_sql_exception: Access denied for user 'root'@'localhost' (using password: YES) in C:\\xampp\\htdocs\\connect\\insertAction.php:7\nStack trace:\n#0 C:\\xampp\\htdocs\\connect\\insertAction.php(7): mysqli->__construct('localhost', 'root', Object(SensitiveParameterValue), 'ayush')\n#1 {main}\n  thrown in C:\\xampp\\htdocs\\connect\\insertAction.php on line 7
[Mon Mar 24 14:35:51.250927 2025] [php:error] [pid 20096:tid 1932] [client ::1:56153] PHP Fatal error:  Uncaught mysqli_sql_exception: Access denied for user 'root'@'localhost' (using password: YES) in C:\\xampp\\htdocs\\connect\\insertAction.php:7\nStack trace:\n#0 C:\\xampp\\htdocs\\connect\\insertAction.php(7): mysqli->__construct('localhost', 'root', Object(SensitiveParameterValue), 'ayush')\n#1 {main}\n  thrown in C:\\xampp\\htdocs\\connect\\insertAction.php on line 7, referer: http://localhost/connect/insertform.php
[Mon Mar 24 14:35:51.288995 2025] [php:error] [pid 20096:tid 1940] [client ::1:56155] PHP Fatal error:  Uncaught mysqli_sql_exception: Access denied for user 'root'@'localhost' (using password: YES) in C:\\xampp\\htdocs\\connect\\insertAction.php:7\nStack trace:\n#0 C:\\xampp\\htdocs\\connect\\insertAction.php(7): mysqli->__construct('localhost', 'root', Object(SensitiveParameterValue), 'ayush')\n#1 {main}\n  thrown in C:\\xampp\\htdocs\\connect\\insertAction.php on line 7
[Mon Mar 24 14:36:48.591333 2025] [php:error] [pid 20096:tid 1932] [client ::1:56238] PHP Fatal error:  Uncaught mysqli_sql_exception: Access denied for user 'root'@'localhost' (using password: YES) in C:\\xampp\\htdocs\\connect\\open_db.php:7\nStack trace:\n#0 C:\\xampp\\htdocs\\connect\\open_db.php(7): mysqli->__construct('localhost', 'root', Object(SensitiveParameterValue), 'ayush')\n#1 C:\\xampp\\htdocs\\connect\\checklogin.php(3): require('C:\\\\xampp\\\\htdocs...')\n#2 {main}\n  thrown in C:\\xampp\\htdocs\\connect\\open_db.php on line 7, referer: http://localhost/connect/
[Mon Mar 24 14:36:48.634752 2025] [php:error] [pid 20096:tid 1952] [client ::1:56240] PHP Fatal error:  Uncaught mysqli_sql_exception: Access denied for user 'root'@'localhost' (using password: YES) in C:\\xampp\\htdocs\\connect\\open_db.php:7\nStack trace:\n#0 C:\\xampp\\htdocs\\connect\\open_db.php(7): mysqli->__construct('localhost', 'root', Object(SensitiveParameterValue), 'ayush')\n#1 C:\\xampp\\htdocs\\connect\\checklogin.php(3): require('C:\\\\xampp\\\\htdocs...')\n#2 {main}\n  thrown in C:\\xampp\\htdocs\\connect\\open_db.php on line 7
[Mon Mar 24 14:37:16.946369 2025] [ssl:warn] [pid 18544:tid 472] AH01909: www.example.com:443:0 server certificate does NOT include an ID which matches the server name
[Mon Mar 24 14:37:16.983601 2025] [core:warn] [pid 18544:tid 472] AH00098: pid file C:/xampp/apache/logs/httpd.pid overwritten -- Unclean shutdown of previous Apache run?
[Mon Mar 24 14:37:16.986617 2025] [ssl:warn] [pid 18544:tid 472] AH01909: www.example.com:443:0 server certificate does NOT include an ID which matches the server name
[Mon Mar 24 14:37:17.033755 2025] [mpm_winnt:notice] [pid 18544:tid 472] AH00455: Apache/2.4.58 (Win64) OpenSSL/3.1.3 PHP/8.2.12 configured -- resuming normal operations
[Mon Mar 24 14:37:17.033755 2025] [mpm_winnt:notice] [pid 18544:tid 472] AH00456: Apache Lounge VS17 Server built: Oct 18 2023 13:03:18
[Mon Mar 24 14:37:17.033755 2025] [core:notice] [pid 18544:tid 472] AH00094: Command line: 'c:\\xampp\\apache\\bin\\httpd.exe -d C:/xampp/apache'
[Mon Mar 24 14:37:17.049910 2025] [mpm_winnt:notice] [pid 18544:tid 472] AH00418: Parent: Created child process 26656
[Mon Mar 24 14:37:17.662808 2025] [ssl:warn] [pid 26656:tid 468] AH01909: www.example.com:443:0 server certificate does NOT include an ID which matches the server name
[Mon Mar 24 14:37:17.701942 2025] [ssl:warn] [pid 26656:tid 468] AH01909: www.example.com:443:0 server certificate does NOT include an ID which matches the server name
[Mon Mar 24 14:37:17.746381 2025] [mpm_winnt:notice] [pid 26656:tid 468] AH00354: Child: Starting 150 worker threads.
[Mon Mar 24 14:55:27.930143 2025] [php:error] [pid 26656:tid 1952] [client ::1:57035] PHP Fatal error:  Uncaught mysqli_sql_exception: Table 'school.tables' doesn't exist in C:\\xampp\\htdocs\\school\\conn.php:24\nStack trace:\n#0 C:\\xampp\\htdocs\\school\\conn.php(24): mysqli_query(Object(mysqli), 'INSERT INTO tab...')\n#1 {main}\n  thrown in C:\\xampp\\htdocs\\school\\conn.php on line 24, referer: http://localhost/school/conn.php
[Mon Mar 24 14:56:41.497568 2025] [php:error] [pid 26656:tid 1948] [client ::1:57083] PHP Fatal error:  Uncaught mysqli_sql_exception: Table 'school.tables' doesn't exist in C:\\xampp\\htdocs\\school\\conn.php:24\nStack trace:\n#0 C:\\xampp\\htdocs\\school\\conn.php(24): mysqli_query(Object(mysqli), 'INSERT INTO tab...')\n#1 {main}\n  thrown in C:\\xampp\\htdocs\\school\\conn.php on line 24, referer: http://localhost/school/conn.php
[Mon Mar 24 14:56:51.109823 2025] [php:error] [pid 26656:tid 1952] [client ::1:57087] PHP Fatal error:  Uncaught mysqli_sql_exception: Table 'school.tables' doesn't exist in C:\\xampp\\htdocs\\school\\conn.php:24\nStack trace:\n#0 C:\\xampp\\htdocs\\school\\conn.php(24): mysqli_query(Object(mysqli), 'INSERT INTO tab...')\n#1 {main}\n  thrown in C:\\xampp\\htdocs\\school\\conn.php on line 24, referer: http://localhost/school/conn.php
[Mon Mar 24 14:59:06.781884 2025] [php:error] [pid 26656:tid 1948] [client ::1:57144] script 'C:/xampp/htdocs/school/loginaction.php' not found or unable to stat, referer: http://localhost/school/conn.php
[Mon Mar 24 14:59:06.826805 2025] [php:error] [pid 26656:tid 1952] [client ::1:57146] script 'C:/xampp/htdocs/school/loginaction.php' not found or unable to stat
[Mon Mar 24 14:59:10.200172 2025] [php:error] [pid 26656:tid 1948] [client ::1:57144] PHP Fatal error:  Uncaught mysqli_sql_exception: Table 'school.tables' doesn't exist in C:\\xampp\\htdocs\\school\\conn.php:25\nStack trace:\n#0 C:\\xampp\\htdocs\\school\\conn.php(25): mysqli_query(Object(mysqli), 'INSERT INTO tab...')\n#1 {main}\n  thrown in C:\\xampp\\htdocs\\school\\conn.php on line 25, referer: http://localhost/school/conn.php
[Mon Mar 24 15:00:11.981601 2025] [php:error] [pid 26656:tid 1952] [client ::1:57160] PHP Fatal error:  Uncaught mysqli_sql_exception: Unknown column 'uname' in 'field list' in C:\\xampp\\htdocs\\school\\conn.php:25\nStack trace:\n#0 C:\\xampp\\htdocs\\school\\conn.php(25): mysqli_query(Object(mysqli), 'INSERT INTO use...')\n#1 {main}\n  thrown in C:\\xampp\\htdocs\\school\\conn.php on line 25, referer: http://localhost/school/conn.php
[Mon Mar 24 15:01:11.698216 2025] [php:error] [pid 26656:tid 1952] [client ::1:57221] script 'C:/xampp/htdocs/school/loginaction.php' not found or unable to stat, referer: http://localhost/school/conn.php
[Mon Mar 24 15:01:11.733281 2025] [php:error] [pid 26656:tid 1948] [client ::1:57222] script 'C:/xampp/htdocs/school/loginaction.php' not found or unable to stat
[Mon Mar 24 15:16:40.705408 2025] [php:warn] [pid 26656:tid 1948] [client ::1:57566] PHP Warning:  Undefined array key "first" in C:\\xampp\\htdocs\\school\\insertAction.php on line 2, referer: http://localhost/school/conn.php
[Mon Mar 24 15:16:40.705408 2025] [php:warn] [pid 26656:tid 1948] [client ::1:57566] PHP Warning:  Undefined array key "last" in C:\\xampp\\htdocs\\school\\insertAction.php on line 3, referer: http://localhost/school/conn.php
[Mon Mar 24 15:16:40.705408 2025] [php:warn] [pid 26656:tid 1948] [client ::1:57566] PHP Warning:  Undefined array key "age" in C:\\xampp\\htdocs\\school\\insertAction.php on line 4, referer: http://localhost/school/conn.php
[Mon Mar 24 15:16:40.705408 2025] [php:warn] [pid 26656:tid 1948] [client ::1:57566] PHP Warning:  Undefined array key "password" in C:\\xampp\\htdocs\\school\\insertAction.php on line 5, referer: http://localhost/school/conn.php
[Mon Mar 24 15:16:40.840304 2025] [php:warn] [pid 26656:tid 1952] [client ::1:57568] PHP Warning:  Undefined array key "first" in C:\\xampp\\htdocs\\school\\insertAction.php on line 2
[Mon Mar 24 15:16:40.840304 2025] [php:warn] [pid 26656:tid 1952] [client ::1:57568] PHP Warning:  Undefined array key "last" in C:\\xampp\\htdocs\\school\\insertAction.php on line 3
[Mon Mar 24 15:16:40.840304 2025] [php:warn] [pid 26656:tid 1952] [client ::1:57568] PHP Warning:  Undefined array key "age" in C:\\xampp\\htdocs\\school\\insertAction.php on line 4
[Mon Mar 24 15:16:40.841301 2025] [php:warn] [pid 26656:tid 1952] [client ::1:57568] PHP Warning:  Undefined array key "password" in C:\\xampp\\htdocs\\school\\insertAction.php on line 5
[Mon Mar 24 15:17:48.565262 2025] [php:warn] [pid 26656:tid 1952] [client ::1:57605] PHP Warning:  Undefined array key "first" in C:\\xampp\\htdocs\\school\\insertAction.php on line 2, referer: http://localhost/school/conn.php
[Mon Mar 24 15:17:48.566757 2025] [php:warn] [pid 26656:tid 1952] [client ::1:57605] PHP Warning:  Undefined array key "last" in C:\\xampp\\htdocs\\school\\insertAction.php on line 3, referer: http://localhost/school/conn.php
[Mon Mar 24 15:17:48.566757 2025] [php:warn] [pid 26656:tid 1952] [client ::1:57605] PHP Warning:  Undefined array key "age" in C:\\xampp\\htdocs\\school\\insertAction.php on line 4, referer: http://localhost/school/conn.php
[Mon Mar 24 15:17:48.566757 2025] [php:warn] [pid 26656:tid 1952] [client ::1:57605] PHP Warning:  Undefined array key "password" in C:\\xampp\\htdocs\\school\\insertAction.php on line 5, referer: http://localhost/school/conn.php
[Mon Mar 24 15:17:48.595340 2025] [php:warn] [pid 26656:tid 1948] [client ::1:57607] PHP Warning:  Undefined array key "first" in C:\\xampp\\htdocs\\school\\insertAction.php on line 2
[Mon Mar 24 15:17:48.596344 2025] [php:warn] [pid 26656:tid 1948] [client ::1:57607] PHP Warning:  Undefined array key "last" in C:\\xampp\\htdocs\\school\\insertAction.php on line 3
[Mon Mar 24 15:17:48.596344 2025] [php:warn] [pid 26656:tid 1948] [client ::1:57607] PHP Warning:  Undefined array key "age" in C:\\xampp\\htdocs\\school\\insertAction.php on line 4
[Mon Mar 24 15:17:48.596344 2025] [php:warn] [pid 26656:tid 1948] [client ::1:57607] PHP Warning:  Undefined array key "password" in C:\\xampp\\htdocs\\school\\insertAction.php on line 5
[Mon Mar 24 19:07:57.413239 2025] [php:warn] [pid 26656:tid 1948] [client ::1:60994] PHP Warning:  Undefined array key "first" in C:\\xampp\\htdocs\\school\\insertAction.php on line 2, referer: http://localhost/school/conn.php
[Mon Mar 24 19:07:57.413239 2025] [php:warn] [pid 26656:tid 1948] [client ::1:60994] PHP Warning:  Undefined array key "last" in C:\\xampp\\htdocs\\school\\insertAction.php on line 3, referer: http://localhost/school/conn.php
[Mon Mar 24 19:07:57.413239 2025] [php:warn] [pid 26656:tid 1948] [client ::1:60994] PHP Warning:  Undefined array key "age" in C:\\xampp\\htdocs\\school\\insertAction.php on line 4, referer: http://localhost/school/conn.php
[Mon Mar 24 19:07:57.413239 2025] [php:warn] [pid 26656:tid 1948] [client ::1:60994] PHP Warning:  Undefined array key "password" in C:\\xampp\\htdocs\\school\\insertAction.php on line 5, referer: http://localhost/school/conn.php
[Mon Mar 24 19:07:57.434401 2025] [php:warn] [pid 26656:tid 1952] [client ::1:60991] PHP Warning:  Undefined array key "first" in C:\\xampp\\htdocs\\school\\insertAction.php on line 2
[Mon Mar 24 19:07:57.434401 2025] [php:warn] [pid 26656:tid 1952] [client ::1:60991] PHP Warning:  Undefined array key "last" in C:\\xampp\\htdocs\\school\\insertAction.php on line 3
[Mon Mar 24 19:07:57.434401 2025] [php:warn] [pid 26656:tid 1952] [client ::1:60991] PHP Warning:  Undefined array key "age" in C:\\xampp\\htdocs\\school\\insertAction.php on line 4
[Mon Mar 24 19:07:57.434401 2025] [php:warn] [pid 26656:tid 1952] [client ::1:60991] PHP Warning:  Undefined array key "password" in C:\\xampp\\htdocs\\school\\insertAction.php on line 5
[Tue Mar 25 12:51:12.569544 2025] [ssl:warn] [pid 22580:tid 464] AH01909: www.example.com:443:0 server certificate does NOT include an ID which matches the server name
[Tue Mar 25 12:51:12.607109 2025] [core:warn] [pid 22580:tid 464] AH00098: pid file C:/xampp/apache/logs/httpd.pid overwritten -- Unclean shutdown of previous Apache run?
[Tue Mar 25 12:51:12.609109 2025] [ssl:warn] [pid 22580:tid 464] AH01909: www.example.com:443:0 server certificate does NOT include an ID which matches the server name
[Tue Mar 25 12:51:12.648478 2025] [mpm_winnt:notice] [pid 22580:tid 464] AH00455: Apache/2.4.58 (Win64) OpenSSL/3.1.3 PHP/8.2.12 configured -- resuming normal operations
[Tue Mar 25 12:51:12.648478 2025] [mpm_winnt:notice] [pid 22580:tid 464] AH00456: Apache Lounge VS17 Server built: Oct 18 2023 13:03:18
[Tue Mar 25 12:51:12.648478 2025] [core:notice] [pid 22580:tid 464] AH00094: Command line: 'c:\\xampp\\apache\\bin\\httpd.exe -d C:/xampp/apache'
[Tue Mar 25 12:51:12.662088 2025] [mpm_winnt:notice] [pid 22580:tid 464] AH00418: Parent: Created child process 16360
[Tue Mar 25 12:51:13.100647 2025] [ssl:warn] [pid 16360:tid 460] AH01909: www.example.com:443:0 server certificate does NOT include an ID which matches the server name
[Tue Mar 25 12:51:13.144556 2025] [ssl:warn] [pid 16360:tid 460] AH01909: www.example.com:443:0 server certificate does NOT include an ID which matches the server name
[Tue Mar 25 12:51:13.190726 2025] [mpm_winnt:notice] [pid 16360:tid 460] AH00354: Child: Starting 150 worker threads.
[Tue Mar 25 18:08:10.328277 2025] [ssl:warn] [pid 15412:tid 456] AH01909: www.example.com:443:0 server certificate does NOT include an ID which matches the server name
[Tue Mar 25 18:08:10.373498 2025] [core:warn] [pid 15412:tid 456] AH00098: pid file C:/xampp/apache/logs/httpd.pid overwritten -- Unclean shutdown of previous Apache run?
[Tue Mar 25 18:08:10.375483 2025] [ssl:warn] [pid 15412:tid 456] AH01909: www.example.com:443:0 server certificate does NOT include an ID which matches the server name
[Tue Mar 25 18:08:10.418670 2025] [mpm_winnt:notice] [pid 15412:tid 456] AH00455: Apache/2.4.58 (Win64) OpenSSL/3.1.3 PHP/8.2.12 configured -- resuming normal operations
[Tue Mar 25 18:08:10.418670 2025] [mpm_winnt:notice] [pid 15412:tid 456] AH00456: Apache Lounge VS17 Server built: Oct 18 2023 13:03:18
[Tue Mar 25 18:08:10.418670 2025] [core:notice] [pid 15412:tid 456] AH00094: Command line: 'c:\\xampp\\apache\\bin\\httpd.exe -d C:/xampp/apache'
[Tue Mar 25 18:08:10.431187 2025] [mpm_winnt:notice] [pid 15412:tid 456] AH00418: Parent: Created child process 32480
[Tue Mar 25 18:08:10.884581 2025] [ssl:warn] [pid 32480:tid 460] AH01909: www.example.com:443:0 server certificate does NOT include an ID which matches the server name
[Tue Mar 25 18:08:10.920246 2025] [ssl:warn] [pid 32480:tid 460] AH01909: www.example.com:443:0 server certificate does NOT include an ID which matches the server name
[Tue Mar 25 18:08:10.965813 2025] [mpm_winnt:notice] [pid 32480:tid 460] AH00354: Child: Starting 150 worker threads.
[Tue Mar 25 19:34:06.609142 2025] [php:error] [pid 32480:tid 1912] [client ::1:60484] script 'C:/xampp/htdocs/myweb.php' not found or unable to stat
[Tue Mar 25 19:34:06.782482 2025] [php:error] [pid 32480:tid 1920] [client ::1:60485] script 'C:/xampp/htdocs/myweb.php' not found or unable to stat
[Tue Mar 25 19:48:34.604396 2025] [php:error] [pid 32480:tid 1932] [client ::1:61410] PHP Fatal error:  Uncaught mysqli_sql_exception: Access denied for user 'root'@'localhost' (using password: YES) in C:\\xampp\\htdocs\\schooldb\\db.php:8\nStack trace:\n#0 C:\\xampp\\htdocs\\schooldb\\db.php(8): mysqli->__construct('localhost', 'root', Object(SensitiveParameterValue), 'schooldb')\n#1 {main}\n  thrown in C:\\xampp\\htdocs\\schooldb\\db.php on line 8
[Tue Mar 25 19:48:34.654070 2025] [php:error] [pid 32480:tid 1920] [client ::1:61412] PHP Fatal error:  Uncaught mysqli_sql_exception: Access denied for user 'root'@'localhost' (using password: YES) in C:\\xampp\\htdocs\\schooldb\\db.php:8\nStack trace:\n#0 C:\\xampp\\htdocs\\schooldb\\db.php(8): mysqli->__construct('localhost', 'root', Object(SensitiveParameterValue), 'schooldb')\n#1 {main}\n  thrown in C:\\xampp\\htdocs\\schooldb\\db.php on line 8
[Tue Mar 25 19:49:57.961925 2025] [php:error] [pid 32480:tid 1932] [client ::1:61499] PHP Fatal error:  Uncaught mysqli_sql_exception: Table 'schooldb.students' doesn't exist in C:\\xampp\\htdocs\\schooldb\\attendance.php:31\nStack trace:\n#0 C:\\xampp\\htdocs\\schooldb\\attendance.php(31): mysqli->query('SELECT * FROM s...')\n#1 {main}\n  thrown in C:\\xampp\\htdocs\\schooldb\\attendance.php on line 31
[Tue Mar 25 19:50:03.631198 2025] [php:error] [pid 32480:tid 1932] [client ::1:61503] PHP Fatal error:  Uncaught mysqli_sql_exception: Table 'schooldb.students' doesn't exist in C:\\xampp\\htdocs\\schooldb\\attendance.php:31\nStack trace:\n#0 C:\\xampp\\htdocs\\schooldb\\attendance.php(31): mysqli->query('SELECT * FROM s...')\n#1 {main}\n  thrown in C:\\xampp\\htdocs\\schooldb\\attendance.php on line 31
[Tue Mar 25 20:00:26.704253 2025] [php:error] [pid 32480:tid 1932] [client ::1:62218] PHP Fatal error:  Uncaught mysqli_sql_exception: Table 'schooldb.students' doesn't exist in C:\\xampp\\htdocs\\schooldb\\view.php:4\nStack trace:\n#0 C:\\xampp\\htdocs\\schooldb\\view.php(4): mysqli->query('SELECT students...')\n#1 {main}\n  thrown in C:\\xampp\\htdocs\\schooldb\\view.php on line 4
[Tue Mar 25 20:00:26.895744 2025] [php:error] [pid 32480:tid 1924] [client ::1:62220] PHP Fatal error:  Uncaught mysqli_sql_exception: Table 'schooldb.students' doesn't exist in C:\\xampp\\htdocs\\schooldb\\view.php:4\nStack trace:\n#0 C:\\xampp\\htdocs\\schooldb\\view.php(4): mysqli->query('SELECT students...')\n#1 {main}\n  thrown in C:\\xampp\\htdocs\\schooldb\\view.php on line 4
[Tue Mar 25 20:01:00.320169 2025] [php:error] [pid 32480:tid 1924] [client ::1:62246] PHP Fatal error:  Uncaught mysqli_sql_exception: Table 'schooldb.students' doesn't exist in C:\\xampp\\htdocs\\schooldb\\view.php:4\nStack trace:\n#0 C:\\xampp\\htdocs\\schooldb\\view.php(4): mysqli->query('SELECT students...')\n#1 {main}\n  thrown in C:\\xampp\\htdocs\\schooldb\\view.php on line 4
[Tue Mar 25 20:01:00.376311 2025] [php:error] [pid 32480:tid 1932] [client ::1:62248] PHP Fatal error:  Uncaught mysqli_sql_exception: Table 'schooldb.students' doesn't exist in C:\\xampp\\htdocs\\schooldb\\view.php:4\nStack trace:\n#0 C:\\xampp\\htdocs\\schooldb\\view.php(4): mysqli->query('SELECT students...')\n#1 {main}\n  thrown in C:\\xampp\\htdocs\\schooldb\\view.php on line 4
[Tue Mar 25 20:01:00.788237 2025] [php:error] [pid 32480:tid 1924] [client ::1:62246] PHP Fatal error:  Uncaught mysqli_sql_exception: Table 'schooldb.students' doesn't exist in C:\\xampp\\htdocs\\schooldb\\view.php:4\nStack trace:\n#0 C:\\xampp\\htdocs\\schooldb\\view.php(4): mysqli->query('SELECT students...')\n#1 {main}\n  thrown in C:\\xampp\\htdocs\\schooldb\\view.php on line 4
[Tue Mar 25 20:01:00.833130 2025] [php:error] [pid 32480:tid 1932] [client ::1:62248] PHP Fatal error:  Uncaught mysqli_sql_exception: Table 'schooldb.students' doesn't exist in C:\\xampp\\htdocs\\schooldb\\view.php:4\nStack trace:\n#0 C:\\xampp\\htdocs\\schooldb\\view.php(4): mysqli->query('SELECT students...')\n#1 {main}\n  thrown in C:\\xampp\\htdocs\\schooldb\\view.php on line 4
[Tue Mar 25 20:01:00.989701 2025] [php:error] [pid 32480:tid 1924] [client ::1:62246] PHP Fatal error:  Uncaught mysqli_sql_exception: Table 'schooldb.students' doesn't exist in C:\\xampp\\htdocs\\schooldb\\view.php:4\nStack trace:\n#0 C:\\xampp\\htdocs\\schooldb\\view.php(4): mysqli->query('SELECT students...')\n#1 {main}\n  thrown in C:\\xampp\\htdocs\\schooldb\\view.php on line 4
[Tue Mar 25 20:01:01.038965 2025] [php:error] [pid 32480:tid 1932] [client ::1:62248] PHP Fatal error:  Uncaught mysqli_sql_exception: Table 'schooldb.students' doesn't exist in C:\\xampp\\htdocs\\schooldb\\view.php:4\nStack trace:\n#0 C:\\xampp\\htdocs\\schooldb\\view.php(4): mysqli->query('SELECT students...')\n#1 {main}\n  thrown in C:\\xampp\\htdocs\\schooldb\\view.php on line 4
[Tue Mar 25 20:02:23.623299 2025] [php:error] [pid 32480:tid 1932] [client ::1:62396] PHP Fatal error:  Uncaught mysqli_sql_exception: Table 'schooldb.students' doesn't exist in C:\\xampp\\htdocs\\schooldb\\view.php:4\nStack trace:\n#0 C:\\xampp\\htdocs\\schooldb\\view.php(4): mysqli->query('SELECT students...')\n#1 {main}\n  thrown in C:\\xampp\\htdocs\\schooldb\\view.php on line 4
[Tue Mar 25 20:02:23.653048 2025] [php:error] [pid 32480:tid 1924] [client ::1:62398] PHP Fatal error:  Uncaught mysqli_sql_exception: Table 'schooldb.students' doesn't exist in C:\\xampp\\htdocs\\schooldb\\view.php:4\nStack trace:\n#0 C:\\xampp\\htdocs\\schooldb\\view.php(4): mysqli->query('SELECT students...')\n#1 {main}\n  thrown in C:\\xampp\\htdocs\\schooldb\\view.php on line 4
[Tue Mar 25 20:02:24.064633 2025] [php:error] [pid 32480:tid 1932] [client ::1:62396] PHP Fatal error:  Uncaught mysqli_sql_exception: Table 'schooldb.students' doesn't exist in C:\\xampp\\htdocs\\schooldb\\view.php:4\nStack trace:\n#0 C:\\xampp\\htdocs\\schooldb\\view.php(4): mysqli->query('SELECT students...')\n#1 {main}\n  thrown in C:\\xampp\\htdocs\\schooldb\\view.php on line 4
[Tue Mar 25 20:02:24.102319 2025] [php:error] [pid 32480:tid 1924] [client ::1:62398] PHP Fatal error:  Uncaught mysqli_sql_exception: Table 'schooldb.students' doesn't exist in C:\\xampp\\htdocs\\schooldb\\view.php:4\nStack trace:\n#0 C:\\xampp\\htdocs\\schooldb\\view.php(4): mysqli->query('SELECT students...')\n#1 {main}\n  thrown in C:\\xampp\\htdocs\\schooldb\\view.php on line 4
[Tue Mar 25 20:02:24.267621 2025] [php:error] [pid 32480:tid 1932] [client ::1:62396] PHP Fatal error:  Uncaught mysqli_sql_exception: Table 'schooldb.students' doesn't exist in C:\\xampp\\htdocs\\schooldb\\view.php:4\nStack trace:\n#0 C:\\xampp\\htdocs\\schooldb\\view.php(4): mysqli->query('SELECT students...')\n#1 {main}\n  thrown in C:\\xampp\\htdocs\\schooldb\\view.php on line 4
[Tue Mar 25 20:02:24.303049 2025] [php:error] [pid 32480:tid 1924] [client ::1:62398] PHP Fatal error:  Uncaught mysqli_sql_exception: Table 'schooldb.students' doesn't exist in C:\\xampp\\htdocs\\schooldb\\view.php:4\nStack trace:\n#0 C:\\xampp\\htdocs\\schooldb\\view.php(4): mysqli->query('SELECT students...')\n#1 {main}\n  thrown in C:\\xampp\\htdocs\\schooldb\\view.php on line 4
[Tue Mar 25 20:02:58.981375 2025] [php:error] [pid 32480:tid 1924] [client ::1:62410] PHP Fatal error:  Uncaught mysqli_sql_exception: Table 'schooldb.students' doesn't exist in C:\\xampp\\htdocs\\schooldb\\view.php:4\nStack trace:\n#0 C:\\xampp\\htdocs\\schooldb\\view.php(4): mysqli->query('SELECT students...')\n#1 {main}\n  thrown in C:\\xampp\\htdocs\\schooldb\\view.php on line 4
[Tue Mar 25 20:02:59.029242 2025] [php:error] [pid 32480:tid 1932] [client ::1:62412] PHP Fatal error:  Uncaught mysqli_sql_exception: Table 'schooldb.students' doesn't exist in C:\\xampp\\htdocs\\schooldb\\view.php:4\nStack trace:\n#0 C:\\xampp\\htdocs\\schooldb\\view.php(4): mysqli->query('SELECT students...')\n#1 {main}\n  thrown in C:\\xampp\\htdocs\\schooldb\\view.php on line 4
[Tue Mar 25 20:02:59.461165 2025] [php:error] [pid 32480:tid 1924] [client ::1:62410] PHP Fatal error:  Uncaught mysqli_sql_exception: Table 'schooldb.students' doesn't exist in C:\\xampp\\htdocs\\schooldb\\view.php:4\nStack trace:\n#0 C:\\xampp\\htdocs\\schooldb\\view.php(4): mysqli->query('SELECT students...')\n#1 {main}\n  thrown in C:\\xampp\\htdocs\\schooldb\\view.php on line 4
[Tue Mar 25 20:02:59.487654 2025] [php:error] [pid 32480:tid 1932] [client ::1:62412] PHP Fatal error:  Uncaught mysqli_sql_exception: Table 'schooldb.students' doesn't exist in C:\\xampp\\htdocs\\schooldb\\view.php:4\nStack trace:\n#0 C:\\xampp\\htdocs\\schooldb\\view.php(4): mysqli->query('SELECT students...')\n#1 {main}\n  thrown in C:\\xampp\\htdocs\\schooldb\\view.php on line 4
[Tue Mar 25 20:03:02.301286 2025] [php:error] [pid 32480:tid 1924] [client ::1:62410] PHP Fatal error:  Uncaught mysqli_sql_exception: Table 'schooldb.students' doesn't exist in C:\\xampp\\htdocs\\schooldb\\view.php:30\nStack trace:\n#0 C:\\xampp\\htdocs\\schooldb\\view.php(30): mysqli->query('SELECT students...')\n#1 {main}\n  thrown in C:\\xampp\\htdocs\\schooldb\\view.php on line 30
[Tue Mar 25 20:03:02.329189 2025] [php:error] [pid 32480:tid 1932] [client ::1:62412] PHP Fatal error:  Uncaught mysqli_sql_exception: Table 'schooldb.students' doesn't exist in C:\\xampp\\htdocs\\schooldb\\view.php:30\nStack trace:\n#0 C:\\xampp\\htdocs\\schooldb\\view.php(30): mysqli->query('SELECT students...')\n#1 {main}\n  thrown in C:\\xampp\\htdocs\\schooldb\\view.php on line 30
[Tue Mar 25 20:03:02.940872 2025] [php:error] [pid 32480:tid 1924] [client ::1:62410] PHP Fatal error:  Uncaught mysqli_sql_exception: Table 'schooldb.students' doesn't exist in C:\\xampp\\htdocs\\schooldb\\view.php:30\nStack trace:\n#0 C:\\xampp\\htdocs\\schooldb\\view.php(30): mysqli->query('SELECT students...')\n#1 {main}\n  thrown in C:\\xampp\\htdocs\\schooldb\\view.php on line 30
[Tue Mar 25 20:03:02.980865 2025] [php:error] [pid 32480:tid 1932] [client ::1:62412] PHP Fatal error:  Uncaught mysqli_sql_exception: Table 'schooldb.students' doesn't exist in C:\\xampp\\htdocs\\schooldb\\view.php:30\nStack trace:\n#0 C:\\xampp\\htdocs\\schooldb\\view.php(30): mysqli->query('SELECT students...')\n#1 {main}\n  thrown in C:\\xampp\\htdocs\\schooldb\\view.php on line 30
[Tue Mar 25 20:17:16.853455 2025] [php:error] [pid 32480:tid 1908] [client ::1:62869] PHP Fatal error:  Uncaught mysqli_sql_exception: Table 'schooldb.students' doesn't exist in C:\\xampp\\htdocs\\schooldb\\view.php:30\nStack trace:\n#0 C:\\xampp\\htdocs\\schooldb\\view.php(30): mysqli->query('SELECT students...')\n#1 {main}\n  thrown in C:\\xampp\\htdocs\\schooldb\\view.php on line 30
[Tue Mar 25 20:17:16.917582 2025] [php:error] [pid 32480:tid 1888] [client ::1:62871] PHP Fatal error:  Uncaught mysqli_sql_exception: Table 'schooldb.students' doesn't exist in C:\\xampp\\htdocs\\schooldb\\view.php:30\nStack trace:\n#0 C:\\xampp\\htdocs\\schooldb\\view.php(30): mysqli->query('SELECT students...')\n#1 {main}\n  thrown in C:\\xampp\\htdocs\\schooldb\\view.php on line 30
[Tue Mar 25 20:20:45.457886 2025] [php:error] [pid 32480:tid 1908] [client ::1:63160] PHP Fatal error:  Uncaught mysqli_sql_exception: Table 'schooldb.students' doesn't exist in C:\\xampp\\htdocs\\schooldb\\attendance.php:31\nStack trace:\n#0 C:\\xampp\\htdocs\\schooldb\\attendance.php(31): mysqli->query('SELECT * FROM s...')\n#1 {main}\n  thrown in C:\\xampp\\htdocs\\schooldb\\attendance.php on line 31
[Tue Mar 25 20:20:45.491626 2025] [php:error] [pid 32480:tid 1888] [client ::1:63162] PHP Fatal error:  Uncaught mysqli_sql_exception: Table 'schooldb.students' doesn't exist in C:\\xampp\\htdocs\\schooldb\\attendance.php:31\nStack trace:\n#0 C:\\xampp\\htdocs\\schooldb\\attendance.php(31): mysqli->query('SELECT * FROM s...')\n#1 {main}\n  thrown in C:\\xampp\\htdocs\\schooldb\\attendance.php on line 31
[Tue Mar 25 20:23:05.293052 2025] [php:error] [pid 32480:tid 1888] [client ::1:63289] PHP Fatal error:  Uncaught mysqli_sql_exception: Table 'schooldb.students' doesn't exist in C:\\xampp\\htdocs\\schooldb\\attendance.php:31\nStack trace:\n#0 C:\\xampp\\htdocs\\schooldb\\attendance.php(31): mysqli->query('SELECT * FROM s...')\n#1 {main}\n  thrown in C:\\xampp\\htdocs\\schooldb\\attendance.php on line 31
[Tue Mar 25 20:23:05.338036 2025] [php:error] [pid 32480:tid 1908] [client ::1:63291] PHP Fatal error:  Uncaught mysqli_sql_exception: Table 'schooldb.students' doesn't exist in C:\\xampp\\htdocs\\schooldb\\attendance.php:31\nStack trace:\n#0 C:\\xampp\\htdocs\\schooldb\\attendance.php(31): mysqli->query('SELECT * FROM s...')\n#1 {main}\n  thrown in C:\\xampp\\htdocs\\schooldb\\attendance.php on line 31
[Tue Mar 25 20:38:05.895967 2025] [php:error] [pid 32480:tid 1908] [client ::1:52816] PHP Fatal error:  Uncaught mysqli_sql_exception: Table 'schooldb.students' doesn't exist in C:\\xampp\\htdocs\\schooldb\\attendance.php:31\nStack trace:\n#0 C:\\xampp\\htdocs\\schooldb\\attendance.php(31): mysqli->query('SELECT * FROM s...')\n#1 {main}\n  thrown in C:\\xampp\\htdocs\\schooldb\\attendance.php on line 31
[Tue Mar 25 20:38:06.096605 2025] [php:error] [pid 32480:tid 1868] [client ::1:52818] PHP Fatal error:  Uncaught mysqli_sql_exception: Table 'schooldb.students' doesn't exist in C:\\xampp\\htdocs\\schooldb\\attendance.php:31\nStack trace:\n#0 C:\\xampp\\htdocs\\schooldb\\attendance.php(31): mysqli->query('SELECT * FROM s...')\n#1 {main}\n  thrown in C:\\xampp\\htdocs\\schooldb\\attendance.php on line 31
[Tue Mar 25 20:40:01.838286 2025] [php:error] [pid 32480:tid 1908] [client ::1:53049] PHP Parse error:  syntax error, unexpected token "<" in C:\\xampp\\htdocs\\schooldb\\db.php on line 14
[Tue Mar 25 20:40:01.902715 2025] [php:error] [pid 32480:tid 1868] [client ::1:53050] PHP Parse error:  syntax error, unexpected token "<" in C:\\xampp\\htdocs\\schooldb\\db.php on line 14
[Tue Mar 25 20:42:19.818233 2025] [php:error] [pid 32480:tid 1944] [client ::1:53292] PHP Fatal error:  Uncaught mysqli_sql_exception: Unknown column 'role' in 'field list' in C:\\xampp\\htdocs\\schooldb\\register.php:11\nStack trace:\n#0 C:\\xampp\\htdocs\\schooldb\\register.php(11): mysqli->query('INSERT INTO use...')\n#1 {main}\n  thrown in C:\\xampp\\htdocs\\schooldb\\register.php on line 11, referer: http://localhost/schooldb/register.php
[Tue Mar 25 20:43:55.120812 2025] [php:error] [pid 32480:tid 1896] [client ::1:53406] PHP Fatal error:  Uncaught mysqli_sql_exception: Unknown column 'role' in 'field list' in C:\\xampp\\htdocs\\schooldb\\register.php:11\nStack trace:\n#0 C:\\xampp\\htdocs\\schooldb\\register.php(11): mysqli->query('INSERT INTO use...')\n#1 {main}\n  thrown in C:\\xampp\\htdocs\\schooldb\\register.php on line 11, referer: http://localhost/schooldb/register.php
[Tue Mar 25 20:44:00.028105 2025] [php:error] [pid 32480:tid 1896] [client ::1:53406] PHP Fatal error:  Uncaught mysqli_sql_exception: Unknown column 'role' in 'field list' in C:\\xampp\\htdocs\\schooldb\\register.php:11\nStack trace:\n#0 C:\\xampp\\htdocs\\schooldb\\register.php(11): mysqli->query('INSERT INTO use...')\n#1 {main}\n  thrown in C:\\xampp\\htdocs\\schooldb\\register.php on line 11, referer: http://localhost/schooldb/register.php
[Tue Mar 25 20:44:12.146243 2025] [php:error] [pid 32480:tid 1896] [client ::1:53484] PHP Fatal error:  Uncaught mysqli_sql_exception: Unknown column 'role' in 'field list' in C:\\xampp\\htdocs\\schooldb\\register.php:11\nStack trace:\n#0 C:\\xampp\\htdocs\\schooldb\\register.php(11): mysqli->query('INSERT INTO use...')\n#1 {main}\n  thrown in C:\\xampp\\htdocs\\schooldb\\register.php on line 11, referer: http://localhost/schooldb/register.php
[Tue Mar 25 20:46:30.087041 2025] [php:error] [pid 32480:tid 1944] [client ::1:53589] PHP Fatal error:  Uncaught mysqli_sql_exception: Unknown column 'role' in 'field list' in C:\\xampp\\htdocs\\schooldb\\register.php:10\nStack trace:\n#0 C:\\xampp\\htdocs\\schooldb\\register.php(10): mysqli->prepare('INSERT INTO use...')\n#1 {main}\n  thrown in C:\\xampp\\htdocs\\schooldb\\register.php on line 10, referer: http://localhost/schooldb/register.php
[Tue Mar 25 20:46:40.809220 2025] [php:error] [pid 32480:tid 1896] [client ::1:53595] PHP Fatal error:  Uncaught mysqli_sql_exception: Unknown column 'role' in 'field list' in C:\\xampp\\htdocs\\schooldb\\register.php:10\nStack trace:\n#0 C:\\xampp\\htdocs\\schooldb\\register.php(10): mysqli->prepare('INSERT INTO use...')\n#1 {main}\n  thrown in C:\\xampp\\htdocs\\schooldb\\register.php on line 10, referer: http://localhost/schooldb/register.php
[Tue Mar 25 20:48:31.491467 2025] [php:error] [pid 32480:tid 1944] [client ::1:53643] PHP Fatal error:  Uncaught mysqli_sql_exception: Unknown column 'role' in 'field list' in C:\\xampp\\htdocs\\schooldb\\register.php:19\nStack trace:\n#0 C:\\xampp\\htdocs\\schooldb\\register.php(19): mysqli->prepare('INSERT INTO use...')\n#1 {main}\n  thrown in C:\\xampp\\htdocs\\schooldb\\register.php on line 19, referer: http://localhost/schooldb/register.php
[Tue Mar 25 20:50:35.475803 2025] [php:error] [pid 32480:tid 1896] [client ::1:53680] PHP Fatal error:  Uncaught mysqli_sql_exception: Unknown column 'role' in 'field list' in C:\\xampp\\htdocs\\schooldb\\register.php:11\nStack trace:\n#0 C:\\xampp\\htdocs\\schooldb\\register.php(11): mysqli->prepare('INSERT INTO use...')\n#1 {main}\n  thrown in C:\\xampp\\htdocs\\schooldb\\register.php on line 11, referer: http://localhost/schooldb/register.php
[Tue Mar 25 20:50:48.196328 2025] [php:error] [pid 32480:tid 1896] [client ::1:53687] PHP Fatal error:  Uncaught mysqli_sql_exception: Table 'schooldb.students' doesn't exist in C:\\xampp\\htdocs\\schooldb\\attendance.php:31\nStack trace:\n#0 C:\\xampp\\htdocs\\schooldb\\attendance.php(31): mysqli->query('SELECT * FROM s...')\n#1 {main}\n  thrown in C:\\xampp\\htdocs\\schooldb\\attendance.php on line 31
[Tue Mar 25 20:50:48.226337 2025] [php:error] [pid 32480:tid 1944] [client ::1:53689] PHP Fatal error:  Uncaught mysqli_sql_exception: Table 'schooldb.students' doesn't exist in C:\\xampp\\htdocs\\schooldb\\attendance.php:31\nStack trace:\n#0 C:\\xampp\\htdocs\\schooldb\\attendance.php(31): mysqli->query('SELECT * FROM s...')\n#1 {main}\n  thrown in C:\\xampp\\htdocs\\schooldb\\attendance.php on line 31
[Tue Mar 25 21:19:30.455325 2025] [php:error] [pid 32480:tid 1908] [client ::1:53934] PHP Fatal error:  Uncaught mysqli_sql_exception: Unknown column 'attendance.status' in 'field list' in C:\\xampp\\htdocs\\schooldb\\view.php:30\nStack trace:\n#0 C:\\xampp\\htdocs\\schooldb\\view.php(30): mysqli->query('SELECT student....')\n#1 {main}\n  thrown in C:\\xampp\\htdocs\\schooldb\\view.php on line 30
[Tue Mar 25 21:19:30.497177 2025] [php:error] [pid 32480:tid 1888] [client ::1:53936] PHP Fatal error:  Uncaught mysqli_sql_exception: Unknown column 'attendance.status' in 'field list' in C:\\xampp\\htdocs\\schooldb\\view.php:30\nStack trace:\n#0 C:\\xampp\\htdocs\\schooldb\\view.php(30): mysqli->query('SELECT student....')\n#1 {main}\n  thrown in C:\\xampp\\htdocs\\schooldb\\view.php on line 30
[Tue Mar 25 21:20:32.404306 2025] [php:error] [pid 32480:tid 1888] [client ::1:54030] PHP Fatal error:  Uncaught mysqli_sql_exception: Table 'schooldb.students' doesn't exist in C:\\xampp\\htdocs\\schooldb\\attendance.php:31\nStack trace:\n#0 C:\\xampp\\htdocs\\schooldb\\attendance.php(31): mysqli->query('SELECT * FROM s...')\n#1 {main}\n  thrown in C:\\xampp\\htdocs\\schooldb\\attendance.php on line 31
[Tue Mar 25 21:20:32.429857 2025] [php:error] [pid 32480:tid 1908] [client ::1:54032] PHP Fatal error:  Uncaught mysqli_sql_exception: Table 'schooldb.students' doesn't exist in C:\\xampp\\htdocs\\schooldb\\attendance.php:31\nStack trace:\n#0 C:\\xampp\\htdocs\\schooldb\\attendance.php(31): mysqli->query('SELECT * FROM s...')\n#1 {main}\n  thrown in C:\\xampp\\htdocs\\schooldb\\attendance.php on line 31
[Tue Mar 25 21:20:40.003628 2025] [php:error] [pid 32480:tid 1908] [client ::1:54045] PHP Fatal error:  Uncaught mysqli_sql_exception: Table 'schooldb.students' doesn't exist in C:\\xampp\\htdocs\\schooldb\\attendance.php:31\nStack trace:\n#0 C:\\xampp\\htdocs\\schooldb\\attendance.php(31): mysqli->query('SELECT * FROM s...')\n#1 {main}\n  thrown in C:\\xampp\\htdocs\\schooldb\\attendance.php on line 31
[Tue Mar 25 21:20:40.034929 2025] [php:error] [pid 32480:tid 1888] [client ::1:54047] PHP Fatal error:  Uncaught mysqli_sql_exception: Table 'schooldb.students' doesn't exist in C:\\xampp\\htdocs\\schooldb\\attendance.php:31\nStack trace:\n#0 C:\\xampp\\htdocs\\schooldb\\attendance.php(31): mysqli->query('SELECT * FROM s...')\n#1 {main}\n  thrown in C:\\xampp\\htdocs\\schooldb\\attendance.php on line 31
[Tue Mar 25 21:20:40.541384 2025] [php:error] [pid 32480:tid 1908] [client ::1:54045] PHP Fatal error:  Uncaught mysqli_sql_exception: Table 'schooldb.students' doesn't exist in C:\\xampp\\htdocs\\schooldb\\attendance.php:31\nStack trace:\n#0 C:\\xampp\\htdocs\\schooldb\\attendance.php(31): mysqli->query('SELECT * FROM s...')\n#1 {main}\n  thrown in C:\\xampp\\htdocs\\schooldb\\attendance.php on line 31
[Tue Mar 25 21:20:40.571943 2025] [php:error] [pid 32480:tid 1888] [client ::1:54047] PHP Fatal error:  Uncaught mysqli_sql_exception: Table 'schooldb.students' doesn't exist in C:\\xampp\\htdocs\\schooldb\\attendance.php:31\nStack trace:\n#0 C:\\xampp\\htdocs\\schooldb\\attendance.php(31): mysqli->query('SELECT * FROM s...')\n#1 {main}\n  thrown in C:\\xampp\\htdocs\\schooldb\\attendance.php on line 31
[Tue Mar 25 21:20:40.753862 2025] [php:error] [pid 32480:tid 1908] [client ::1:54045] PHP Fatal error:  Uncaught mysqli_sql_exception: Table 'schooldb.students' doesn't exist in C:\\xampp\\htdocs\\schooldb\\attendance.php:31\nStack trace:\n#0 C:\\xampp\\htdocs\\schooldb\\attendance.php(31): mysqli->query('SELECT * FROM s...')\n#1 {main}\n  thrown in C:\\xampp\\htdocs\\schooldb\\attendance.php on line 31
[Tue Mar 25 21:20:40.790782 2025] [php:error] [pid 32480:tid 1888] [client ::1:54047] PHP Fatal error:  Uncaught mysqli_sql_exception: Table 'schooldb.students' doesn't exist in C:\\xampp\\htdocs\\schooldb\\attendance.php:31\nStack trace:\n#0 C:\\xampp\\htdocs\\schooldb\\attendance.php(31): mysqli->query('SELECT * FROM s...')\n#1 {main}\n  thrown in C:\\xampp\\htdocs\\schooldb\\attendance.php on line 31
[Tue Mar 25 21:24:51.064555 2025] [php:warn] [pid 32480:tid 1888] [client ::1:54179] PHP Warning:  Undefined variable $conn in C:\\xampp\\htdocs\\schooldb\\insert.php on line 3
[Tue Mar 25 21:24:51.064555 2025] [php:warn] [pid 32480:tid 1888] [client ::1:54179] PHP Warning:  Attempt to read property "connect_error" on null in C:\\xampp\\htdocs\\schooldb\\insert.php on line 3
[Tue Mar 25 21:24:51.064555 2025] [php:warn] [pid 32480:tid 1888] [client ::1:54179] PHP Warning:  Undefined variable $conn in C:\\xampp\\htdocs\\schooldb\\insert.php on line 10
[Tue Mar 25 21:24:51.064555 2025] [php:error] [pid 32480:tid 1888] [client ::1:54179] PHP Fatal error:  Uncaught Error: Call to a member function query() on null in C:\\xampp\\htdocs\\schooldb\\insert.php:10\nStack trace:\n#0 {main}\n  thrown in C:\\xampp\\htdocs\\schooldb\\insert.php on line 10
[Tue Mar 25 21:24:51.094338 2025] [php:warn] [pid 32480:tid 1908] [client ::1:54180] PHP Warning:  Undefined variable $conn in C:\\xampp\\htdocs\\schooldb\\insert.php on line 3
[Tue Mar 25 21:24:51.094338 2025] [php:warn] [pid 32480:tid 1908] [client ::1:54180] PHP Warning:  Attempt to read property "connect_error" on null in C:\\xampp\\htdocs\\schooldb\\insert.php on line 3
[Tue Mar 25 21:24:51.094338 2025] [php:warn] [pid 32480:tid 1908] [client ::1:54180] PHP Warning:  Undefined variable $conn in C:\\xampp\\htdocs\\schooldb\\insert.php on line 10
[Tue Mar 25 21:24:51.094338 2025] [php:error] [pid 32480:tid 1908] [client ::1:54180] PHP Fatal error:  Uncaught Error: Call to a member function query() on null in C:\\xampp\\htdocs\\schooldb\\insert.php:10\nStack trace:\n#0 {main}\n  thrown in C:\\xampp\\htdocs\\schooldb\\insert.php on line 10
[Tue Mar 25 21:44:36.123905 2025] [ssl:warn] [pid 34132:tid 488] AH01909: www.example.com:443:0 server certificate does NOT include an ID which matches the server name
[Tue Mar 25 21:44:36.175014 2025] [core:warn] [pid 34132:tid 488] AH00098: pid file C:/xampp/apache/logs/httpd.pid overwritten -- Unclean shutdown of previous Apache run?
[Tue Mar 25 21:44:36.177073 2025] [ssl:warn] [pid 34132:tid 488] AH01909: www.example.com:443:0 server certificate does NOT include an ID which matches the server name
[Tue Mar 25 21:44:36.218664 2025] [mpm_winnt:notice] [pid 34132:tid 488] AH00455: Apache/2.4.58 (Win64) OpenSSL/3.1.3 PHP/8.2.12 configured -- resuming normal operations
[Tue Mar 25 21:44:36.218664 2025] [mpm_winnt:notice] [pid 34132:tid 488] AH00456: Apache Lounge VS17 Server built: Oct 18 2023 13:03:18
[Tue Mar 25 21:44:36.218664 2025] [core:notice] [pid 34132:tid 488] AH00094: Command line: 'c:\\xampp\\apache\\bin\\httpd.exe -d C:/xampp/apache'
[Tue Mar 25 21:44:36.231799 2025] [mpm_winnt:notice] [pid 34132:tid 488] AH00418: Parent: Created child process 33416
[Tue Mar 25 21:44:36.692945 2025] [ssl:warn] [pid 33416:tid 508] AH01909: www.example.com:443:0 server certificate does NOT include an ID which matches the server name
[Tue Mar 25 21:44:36.731881 2025] [ssl:warn] [pid 33416:tid 508] AH01909: www.example.com:443:0 server certificate does NOT include an ID which matches the server name
[Tue Mar 25 21:44:36.773535 2025] [mpm_winnt:notice] [pid 33416:tid 508] AH00354: Child: Starting 150 worker threads.
[Tue Mar 25 21:45:14.128704 2025] [php:error] [pid 33416:tid 1908] [client ::1:62269] script 'C:/xampp/htdocs/school/db.php' not found or unable to stat
[Tue Mar 25 21:45:14.167952 2025] [php:error] [pid 33416:tid 1916] [client ::1:62262] script 'C:/xampp/htdocs/school/db.php' not found or unable to stat
[Wed Mar 26 08:54:58.077432 2025] [php:error] [pid 33416:tid 1888] [client ::1:64826] PHP Fatal error:  Uncaught mysqli_sql_exception: Table 'schooldb.students' doesn't exist in C:\\xampp\\htdocs\\schooldb\\attendance.php:31\nStack trace:\n#0 C:\\xampp\\htdocs\\schooldb\\attendance.php(31): mysqli->query('SELECT * FROM s...')\n#1 {main}\n  thrown in C:\\xampp\\htdocs\\schooldb\\attendance.php on line 31
[Wed Mar 26 08:54:58.130004 2025] [php:error] [pid 33416:tid 1868] [client ::1:64828] PHP Fatal error:  Uncaught mysqli_sql_exception: Table 'schooldb.students' doesn't exist in C:\\xampp\\htdocs\\schooldb\\attendance.php:31\nStack trace:\n#0 C:\\xampp\\htdocs\\schooldb\\attendance.php(31): mysqli->query('SELECT * FROM s...')\n#1 {main}\n  thrown in C:\\xampp\\htdocs\\schooldb\\attendance.php on line 31
[Wed Mar 26 08:56:24.465668 2025] [php:warn] [pid 33416:tid 1868] [client ::1:64849] PHP Warning:  Undefined variable $conn in C:\\xampp\\htdocs\\schooldb\\insert.php on line 3
[Wed Mar 26 08:56:24.466665 2025] [php:warn] [pid 33416:tid 1868] [client ::1:64849] PHP Warning:  Attempt to read property "connect_error" on null in C:\\xampp\\htdocs\\schooldb\\insert.php on line 3
[Wed Mar 26 08:56:24.466665 2025] [php:warn] [pid 33416:tid 1868] [client ::1:64849] PHP Warning:  Undefined variable $conn in C:\\xampp\\htdocs\\schooldb\\insert.php on line 10
[Wed Mar 26 08:56:24.466665 2025] [php:error] [pid 33416:tid 1868] [client ::1:64849] PHP Fatal error:  Uncaught Error: Call to a member function query() on null in C:\\xampp\\htdocs\\schooldb\\insert.php:10\nStack trace:\n#0 {main}\n  thrown in C:\\xampp\\htdocs\\schooldb\\insert.php on line 10
[Wed Mar 26 08:56:24.511156 2025] [php:warn] [pid 33416:tid 1888] [client ::1:64850] PHP Warning:  Undefined variable $conn in C:\\xampp\\htdocs\\schooldb\\insert.php on line 3
[Wed Mar 26 08:56:24.511156 2025] [php:warn] [pid 33416:tid 1888] [client ::1:64850] PHP Warning:  Attempt to read property "connect_error" on null in C:\\xampp\\htdocs\\schooldb\\insert.php on line 3
[Wed Mar 26 08:56:24.511156 2025] [php:warn] [pid 33416:tid 1888] [client ::1:64850] PHP Warning:  Undefined variable $conn in C:\\xampp\\htdocs\\schooldb\\insert.php on line 10
[Wed Mar 26 08:56:24.512158 2025] [php:error] [pid 33416:tid 1888] [client ::1:64850] PHP Fatal error:  Uncaught Error: Call to a member function query() on null in C:\\xampp\\htdocs\\schooldb\\insert.php:10\nStack trace:\n#0 {main}\n  thrown in C:\\xampp\\htdocs\\schooldb\\insert.php on line 10
[Wed Mar 26 08:58:11.949010 2025] [php:warn] [pid 33416:tid 1888] [client ::1:64870] PHP Warning:  Undefined variable $conn in C:\\xampp\\htdocs\\schooldb\\insert.php on line 6
[Wed Mar 26 08:58:11.950035 2025] [php:warn] [pid 33416:tid 1888] [client ::1:64870] PHP Warning:  Attempt to read property "connect_error" on null in C:\\xampp\\htdocs\\schooldb\\insert.php on line 6
[Wed Mar 26 08:58:11.950035 2025] [php:warn] [pid 33416:tid 1888] [client ::1:64870] PHP Warning:  Undefined variable $conn in C:\\xampp\\htdocs\\schooldb\\insert.php on line 13
[Wed Mar 26 08:58:11.950035 2025] [php:error] [pid 33416:tid 1888] [client ::1:64870] PHP Fatal error:  Uncaught Error: Call to a member function query() on null in C:\\xampp\\htdocs\\schooldb\\insert.php:13\nStack trace:\n#0 {main}\n  thrown in C:\\xampp\\htdocs\\schooldb\\insert.php on line 13
[Wed Mar 26 08:58:11.981697 2025] [php:warn] [pid 33416:tid 1868] [client ::1:64871] PHP Warning:  Undefined variable $conn in C:\\xampp\\htdocs\\schooldb\\insert.php on line 6
[Wed Mar 26 08:58:11.981697 2025] [php:warn] [pid 33416:tid 1868] [client ::1:64871] PHP Warning:  Attempt to read property "connect_error" on null in C:\\xampp\\htdocs\\schooldb\\insert.php on line 6
[Wed Mar 26 08:58:11.982693 2025] [php:warn] [pid 33416:tid 1868] [client ::1:64871] PHP Warning:  Undefined variable $conn in C:\\xampp\\htdocs\\schooldb\\insert.php on line 13
[Wed Mar 26 08:58:11.982693 2025] [php:error] [pid 33416:tid 1868] [client ::1:64871] PHP Fatal error:  Uncaught Error: Call to a member function query() on null in C:\\xampp\\htdocs\\schooldb\\insert.php:13\nStack trace:\n#0 {main}\n  thrown in C:\\xampp\\htdocs\\schooldb\\insert.php on line 13
[Wed Mar 26 08:58:17.444277 2025] [php:error] [pid 33416:tid 1888] [client ::1:64872] PHP Fatal error:  Uncaught mysqli_sql_exception: Table 'schooldb.students' doesn't exist in C:\\xampp\\htdocs\\schooldb\\attendance.php:31\nStack trace:\n#0 C:\\xampp\\htdocs\\schooldb\\attendance.php(31): mysqli->query('SELECT * FROM s...')\n#1 {main}\n  thrown in C:\\xampp\\htdocs\\schooldb\\attendance.php on line 31
[Wed Mar 26 08:58:17.480558 2025] [php:error] [pid 33416:tid 1868] [client ::1:64874] PHP Fatal error:  Uncaught mysqli_sql_exception: Table 'schooldb.students' doesn't exist in C:\\xampp\\htdocs\\schooldb\\attendance.php:31\nStack trace:\n#0 C:\\xampp\\htdocs\\schooldb\\attendance.php(31): mysqli->query('SELECT * FROM s...')\n#1 {main}\n  thrown in C:\\xampp\\htdocs\\schooldb\\attendance.php on line 31
[Wed Mar 26 09:23:17.599637 2025] [php:error] [pid 33416:tid 1888] [client ::1:65386] PHP Fatal error:  Uncaught mysqli_sql_exception: Unknown database '05_10_isa_3' in C:\\xampp\\htdocs\\05_10_isa_3\\config.php:7\nStack trace:\n#0 C:\\xampp\\htdocs\\05_10_isa_3\\config.php(7): mysqli_connect('localhost', 'root', Object(SensitiveParameterValue), '05_10_isa_3')\n#1 C:\\xampp\\htdocs\\05_10_isa_3\\registration.php(3): include('C:\\\\xampp\\\\htdocs...')\n#2 {main}\n  thrown in C:\\xampp\\htdocs\\05_10_isa_3\\config.php on line 7
[Wed Mar 26 09:23:17.656575 2025] [php:error] [pid 33416:tid 1868] [client ::1:65388] PHP Fatal error:  Uncaught mysqli_sql_exception: Unknown database '05_10_isa_3' in C:\\xampp\\htdocs\\05_10_isa_3\\config.php:7\nStack trace:\n#0 C:\\xampp\\htdocs\\05_10_isa_3\\config.php(7): mysqli_connect('localhost', 'root', Object(SensitiveParameterValue), '05_10_isa_3')\n#1 C:\\xampp\\htdocs\\05_10_isa_3\\registration.php(3): include('C:\\\\xampp\\\\htdocs...')\n#2 {main}\n  thrown in C:\\xampp\\htdocs\\05_10_isa_3\\config.php on line 7
[Wed Mar 26 09:25:48.174526 2025] [php:error] [pid 33416:tid 1868] [client ::1:65431] PHP Fatal error:  Uncaught mysqli_sql_exception: Unknown database '05_10_isa_3' in C:\\xampp\\htdocs\\05_10_isa_3\\config.php:7\nStack trace:\n#0 C:\\xampp\\htdocs\\05_10_isa_3\\config.php(7): mysqli_connect('localhost', 'root', Object(SensitiveParameterValue), '05_10_isa_3')\n#1 C:\\xampp\\htdocs\\05_10_isa_3\\registration.php(3): include('C:\\\\xampp\\\\htdocs...')\n#2 {main}\n  thrown in C:\\xampp\\htdocs\\05_10_isa_3\\config.php on line 7
[Wed Mar 26 09:25:48.206259 2025] [php:error] [pid 33416:tid 1888] [client ::1:65433] PHP Fatal error:  Uncaught mysqli_sql_exception: Unknown database '05_10_isa_3' in C:\\xampp\\htdocs\\05_10_isa_3\\config.php:7\nStack trace:\n#0 C:\\xampp\\htdocs\\05_10_isa_3\\config.php(7): mysqli_connect('localhost', 'root', Object(SensitiveParameterValue), '05_10_isa_3')\n#1 C:\\xampp\\htdocs\\05_10_isa_3\\registration.php(3): include('C:\\\\xampp\\\\htdocs...')\n#2 {main}\n  thrown in C:\\xampp\\htdocs\\05_10_isa_3\\config.php on line 7
[Wed Mar 26 09:27:07.027708 2025] [php:error] [pid 33416:tid 1908] [client ::1:65466] PHP Fatal error:  Uncaught mysqli_sql_exception: Unknown database '05_10_isa_3' in C:\\xampp\\htdocs\\05_10_isa_3\\config.php:7\nStack trace:\n#0 C:\\xampp\\htdocs\\05_10_isa_3\\config.php(7): mysqli_connect('localhost', 'root', Object(SensitiveParameterValue), '05_10_isa_3')\n#1 C:\\xampp\\htdocs\\05_10_isa_3\\registration.php(3): include('C:\\\\xampp\\\\htdocs...')\n#2 {main}\n  thrown in C:\\xampp\\htdocs\\05_10_isa_3\\config.php on line 7
[Wed Mar 26 09:27:07.060296 2025] [php:error] [pid 33416:tid 1940] [client ::1:65468] PHP Fatal error:  Uncaught mysqli_sql_exception: Unknown database '05_10_isa_3' in C:\\xampp\\htdocs\\05_10_isa_3\\config.php:7\nStack trace:\n#0 C:\\xampp\\htdocs\\05_10_isa_3\\config.php(7): mysqli_connect('localhost', 'root', Object(SensitiveParameterValue), '05_10_isa_3')\n#1 C:\\xampp\\htdocs\\05_10_isa_3\\registration.php(3): include('C:\\\\xampp\\\\htdocs...')\n#2 {main}\n  thrown in C:\\xampp\\htdocs\\05_10_isa_3\\config.php on line 7
[Wed Mar 26 09:28:30.876311 2025] [php:warn] [pid 33416:tid 1908] [client ::1:65476] PHP Warning:  Undefined array key "DOB" in C:\\xampp\\htdocs\\05_10_isa_3\\registration.php on line 9, referer: http://localhost/05_10_isa_3/registration.php
[Wed Mar 26 09:28:30.876311 2025] [php:error] [pid 33416:tid 1908] [client ::1:65476] PHP Fatal error:  Uncaught mysqli_sql_exception: You have an error in your SQL syntax; check the manual that corresponds to your MariaDB server version for the right syntax to use near ') \r\n            VALUES ('abel', 'dsouza', 'Male', '', '4', 'abel@gmail.com')' at line 1 in C:\\xampp\\htdocs\\05_10_isa_3\\registration.php:17\nStack trace:\n#0 C:\\xampp\\htdocs\\05_10_isa_3\\registration.php(17): mysqli_query(Object(mysqli), 'INSERT INTO stu...')\n#1 {main}\n  thrown in C:\\xampp\\htdocs\\05_10_isa_3\\registration.php on line 17, referer: http://localhost/05_10_isa_3/registration.php
[Wed Mar 26 09:40:41.261920 2025] [php:warn] [pid 33416:tid 1940] [client ::1:49187] PHP Warning:  Undefined array key "DOB" in C:\\xampp\\htdocs\\05_10_isa_3\\registration.php on line 9, referer: http://localhost/05_10_isa_3/registration.php
[Wed Mar 26 09:40:41.262305 2025] [php:error] [pid 33416:tid 1940] [client ::1:49187] PHP Fatal error:  Uncaught mysqli_sql_exception: You have an error in your SQL syntax; check the manual that corresponds to your MariaDB server version for the right syntax to use near ') \r\n            VALUES ('abel', 'dsouza', 'Male', '', '4', 'abel@gmail.com')' at line 1 in C:\\xampp\\htdocs\\05_10_isa_3\\registration.php:17\nStack trace:\n#0 C:\\xampp\\htdocs\\05_10_isa_3\\registration.php(17): mysqli_query(Object(mysqli), 'INSERT INTO stu...')\n#1 {main}\n  thrown in C:\\xampp\\htdocs\\05_10_isa_3\\registration.php on line 17, referer: http://localhost/05_10_isa_3/registration.php
[Wed Mar 26 09:46:45.891253 2025] [php:warn] [pid 33416:tid 1940] [client ::1:49253] PHP Warning:  Undefined array key "DOB" in C:\\xampp\\htdocs\\05_10_isa_3\\registration.php on line 9, referer: http://localhost/05_10_isa_3/registration.php
[Wed Mar 26 09:46:45.892304 2025] [php:error] [pid 33416:tid 1940] [client ::1:49253] PHP Fatal error:  Uncaught mysqli_sql_exception: You have an error in your SQL syntax; check the manual that corresponds to your MariaDB server version for the right syntax to use near ') \r\n            VALUES ('abel', 'dsouza', 'Male', '', '4', 'abel@gmail.com')' at line 1 in C:\\xampp\\htdocs\\05_10_isa_3\\registration.php:17\nStack trace:\n#0 C:\\xampp\\htdocs\\05_10_isa_3\\registration.php(17): mysqli_query(Object(mysqli), 'INSERT INTO stu...')\n#1 {main}\n  thrown in C:\\xampp\\htdocs\\05_10_isa_3\\registration.php on line 17, referer: http://localhost/05_10_isa_3/registration.php
[Wed Mar 26 09:46:54.896466 2025] [php:warn] [pid 33416:tid 1940] [client ::1:49257] PHP Warning:  Undefined array key "DOB" in C:\\xampp\\htdocs\\05_10_isa_3\\registration.php on line 9, referer: http://localhost/05_10_isa_3/registration.php
[Wed Mar 26 09:46:54.896466 2025] [php:error] [pid 33416:tid 1940] [client ::1:49257] PHP Fatal error:  Uncaught mysqli_sql_exception: You have an error in your SQL syntax; check the manual that corresponds to your MariaDB server version for the right syntax to use near ') \r\n            VALUES ('abel', 'dsouza', 'Male', '', '4', 'abel@gmail.com')' at line 1 in C:\\xampp\\htdocs\\05_10_isa_3\\registration.php:17\nStack trace:\n#0 C:\\xampp\\htdocs\\05_10_isa_3\\registration.php(17): mysqli_query(Object(mysqli), 'INSERT INTO stu...')\n#1 {main}\n  thrown in C:\\xampp\\htdocs\\05_10_isa_3\\registration.php on line 17, referer: http://localhost/05_10_isa_3/registration.php
[Wed Mar 26 09:54:48.804006 2025] [php:warn] [pid 33416:tid 1940] [client ::1:49347] PHP Warning:  Undefined array key "DOB" in C:\\xampp\\htdocs\\05_10_isa_3\\registration.php on line 9, referer: http://localhost/05_10_isa_3/registration.php
[Wed Mar 26 09:54:48.804006 2025] [php:warn] [pid 33416:tid 1940] [client ::1:49347] PHP Warning:  Undefined array key "password" in C:\\xampp\\htdocs\\05_10_isa_3\\registration.php on line 12, referer: http://localhost/05_10_isa_3/registration.php
[Wed Mar 26 09:54:48.900214 2025] [php:error] [pid 33416:tid 1940] [client ::1:49347] PHP Fatal error:  Uncaught mysqli_sql_exception: You have an error in your SQL syntax; check the manual that corresponds to your MariaDB server version for the right syntax to use near ''$2y$10$eZPqo/EgAW76JgBc49tVn.1tV2bR/EnexwS8PvOmw2.7gcCA5NDRC)' at line 2 in C:\\xampp\\htdocs\\05_10_isa_3\\registration.php:18\nStack trace:\n#0 C:\\xampp\\htdocs\\05_10_isa_3\\registration.php(18): mysqli_query(Object(mysqli), 'INSERT INTO stu...')\n#1 {main}\n  thrown in C:\\xampp\\htdocs\\05_10_isa_3\\registration.php on line 18, referer: http://localhost/05_10_isa_3/registration.php
[Wed Mar 26 09:56:16.845577 2025] [php:warn] [pid 33416:tid 1916] [client ::1:49386] PHP Warning:  Undefined array key "DOB" in C:\\xampp\\htdocs\\05_10_isa_3\\registration.php on line 9, referer: http://localhost/05_10_isa_3/registration.php
[Wed Mar 26 09:56:16.845577 2025] [php:warn] [pid 33416:tid 1916] [client ::1:49386] PHP Warning:  Undefined array key "password" in C:\\xampp\\htdocs\\05_10_isa_3\\registration.php on line 12, referer: http://localhost/05_10_isa_3/registration.php
[Wed Mar 26 09:56:16.956730 2025] [php:error] [pid 33416:tid 1916] [client ::1:49386] PHP Fatal error:  Uncaught mysqli_sql_exception: You have an error in your SQL syntax; check the manual that corresponds to your MariaDB server version for the right syntax to use near ''$2y$10$Ybq6UBLLHtgRoP/f6RwPyegO9cITIx6UO8t.Nll7SzyA4vjBYgovy)' at line 2 in C:\\xampp\\htdocs\\05_10_isa_3\\registration.php:18\nStack trace:\n#0 C:\\xampp\\htdocs\\05_10_isa_3\\registration.php(18): mysqli_query(Object(mysqli), 'INSERT INTO stu...')\n#1 {main}\n  thrown in C:\\xampp\\htdocs\\05_10_isa_3\\registration.php on line 18, referer: http://localhost/05_10_isa_3/registration.php
[Wed Mar 26 09:57:29.105250 2025] [php:error] [pid 33416:tid 1940] [client ::1:49674] PHP Parse error:  syntax error, unexpected identifier "Registration" in C:\\xampp\\htdocs\\05_10_isa_3\\registration.php on line 19, referer: http://localhost/05_10_isa_3/registration.php
[Wed Mar 26 09:57:29.132777 2025] [php:error] [pid 33416:tid 1916] [client ::1:49675] PHP Parse error:  syntax error, unexpected identifier "Registration" in C:\\xampp\\htdocs\\05_10_isa_3\\registration.php on line 19
[Wed Mar 26 09:59:34.997625 2025] [php:warn] [pid 33416:tid 1916] [client ::1:49713] PHP Warning:  Undefined array key "password" in C:\\xampp\\htdocs\\05_10_isa_3\\registration.php on line 11, referer: http://localhost/05_10_isa_3/registration.php
[Wed Mar 26 10:39:19.873986 2025] [php:warn] [pid 33416:tid 1908] [client ::1:60751] PHP Warning:  Undefined array key "firstname" in C:\\xampp\\htdocs\\05_10_isa_3\\registration.php on line 8, referer: http://localhost/05_10_isa_3/login.php
[Wed Mar 26 10:39:19.873986 2025] [php:warn] [pid 33416:tid 1908] [client ::1:60751] PHP Warning:  Undefined array key "lastname" in C:\\xampp\\htdocs\\05_10_isa_3\\registration.php on line 9, referer: http://localhost/05_10_isa_3/login.php
[Wed Mar 26 10:39:19.873986 2025] [php:warn] [pid 33416:tid 1908] [client ::1:60751] PHP Warning:  Undefined array key "gender" in C:\\xampp\\htdocs\\05_10_isa_3\\registration.php on line 10, referer: http://localhost/05_10_isa_3/login.php
[Wed Mar 26 10:39:19.875048 2025] [php:warn] [pid 33416:tid 1908] [client ::1:60751] PHP Warning:  Undefined array key "dob" in C:\\xampp\\htdocs\\05_10_isa_3\\registration.php on line 11, referer: http://localhost/05_10_isa_3/login.php
[Wed Mar 26 10:39:19.875048 2025] [php:warn] [pid 33416:tid 1908] [client ::1:60751] PHP Warning:  Undefined array key "class" in C:\\xampp\\htdocs\\05_10_isa_3\\registration.php on line 12, referer: http://localhost/05_10_isa_3/login.php
[Wed Mar 26 10:39:19.935975 2025] [php:error] [pid 33416:tid 1908] [client ::1:60751] PHP Fatal error:  Uncaught mysqli_sql_exception: Column 'gender' cannot be null in C:\\xampp\\htdocs\\05_10_isa_3\\registration.php:22\nStack trace:\n#0 C:\\xampp\\htdocs\\05_10_isa_3\\registration.php(22): mysqli_stmt->execute()\n#1 {main}\n  thrown in C:\\xampp\\htdocs\\05_10_isa_3\\registration.php on line 22, referer: http://localhost/05_10_isa_3/login.php
[Wed Mar 26 10:40:16.955639 2025] [php:error] [pid 33416:tid 1908] [client ::1:60984] PHP Fatal error:  Uncaught mysqli_sql_exception: Column 'firstname' cannot be null in C:\\xampp\\htdocs\\05_10_isa_3\\registration.php:22\nStack trace:\n#0 C:\\xampp\\htdocs\\05_10_isa_3\\registration.php(22): mysqli_stmt->execute()\n#1 {main}\n  thrown in C:\\xampp\\htdocs\\05_10_isa_3\\registration.php on line 22, referer: http://localhost/05_10_isa_3/login.php
[Wed Mar 26 11:22:29.693581 2025] [php:error] [pid 33416:tid 1932] [client ::1:54079] PHP Fatal error:  Uncaught mysqli_sql_exception: Column 'firstname' cannot be null in C:\\xampp\\htdocs\\05_10_isa_3\\registration.php:22\nStack trace:\n#0 C:\\xampp\\htdocs\\05_10_isa_3\\registration.php(22): mysqli_stmt->execute()\n#1 {main}\n  thrown in C:\\xampp\\htdocs\\05_10_isa_3\\registration.php on line 22, referer: http://localhost/05_10_isa_3/login.php
[Wed Mar 26 11:22:48.995619 2025] [php:warn] [pid 33416:tid 1924] [client ::1:54127] PHP Warning:  Undefined array key "firstname" in C:\\xampp\\htdocs\\05_10_isa_3\\registration.php on line 8, referer: http://localhost/05_10_isa_3/login.php
[Wed Mar 26 11:22:48.997079 2025] [php:warn] [pid 33416:tid 1924] [client ::1:54127] PHP Warning:  Undefined array key "lastname" in C:\\xampp\\htdocs\\05_10_isa_3\\registration.php on line 9, referer: http://localhost/05_10_isa_3/login.php
[Wed Mar 26 11:22:48.997079 2025] [php:warn] [pid 33416:tid 1924] [client ::1:54127] PHP Warning:  Undefined array key "gender" in C:\\xampp\\htdocs\\05_10_isa_3\\registration.php on line 10, referer: http://localhost/05_10_isa_3/login.php
[Wed Mar 26 11:22:48.997079 2025] [php:warn] [pid 33416:tid 1924] [client ::1:54127] PHP Warning:  Undefined array key "dob" in C:\\xampp\\htdocs\\05_10_isa_3\\registration.php on line 11, referer: http://localhost/05_10_isa_3/login.php
[Wed Mar 26 11:22:48.997079 2025] [php:warn] [pid 33416:tid 1924] [client ::1:54127] PHP Warning:  Undefined array key "class" in C:\\xampp\\htdocs\\05_10_isa_3\\registration.php on line 12, referer: http://localhost/05_10_isa_3/login.php
[Wed Mar 26 11:22:49.098909 2025] [php:error] [pid 33416:tid 1924] [client ::1:54127] PHP Fatal error:  Uncaught mysqli_sql_exception: Column 'gender' cannot be null in C:\\xampp\\htdocs\\05_10_isa_3\\registration.php:22\nStack trace:\n#0 C:\\xampp\\htdocs\\05_10_isa_3\\registration.php(22): mysqli_stmt->execute()\n#1 {main}\n  thrown in C:\\xampp\\htdocs\\05_10_isa_3\\registration.php on line 22, referer: http://localhost/05_10_isa_3/login.php
[Wed Mar 26 11:23:15.921127 2025] [php:warn] [pid 33416:tid 1924] [client ::1:54153] PHP Warning:  Undefined array key "firstname" in C:\\xampp\\htdocs\\05_10_isa_3\\registration.php on line 8, referer: http://localhost/05_10_isa_3/login.php
[Wed Mar 26 11:23:15.921127 2025] [php:warn] [pid 33416:tid 1924] [client ::1:54153] PHP Warning:  Undefined array key "lastname" in C:\\xampp\\htdocs\\05_10_isa_3\\registration.php on line 9, referer: http://localhost/05_10_isa_3/login.php
[Wed Mar 26 11:23:15.921127 2025] [php:warn] [pid 33416:tid 1924] [client ::1:54153] PHP Warning:  Undefined array key "gender" in C:\\xampp\\htdocs\\05_10_isa_3\\registration.php on line 10, referer: http://localhost/05_10_isa_3/login.php
[Wed Mar 26 11:23:15.921127 2025] [php:warn] [pid 33416:tid 1924] [client ::1:54153] PHP Warning:  Undefined array key "dob" in C:\\xampp\\htdocs\\05_10_isa_3\\registration.php on line 11, referer: http://localhost/05_10_isa_3/login.php
[Wed Mar 26 11:23:15.921127 2025] [php:warn] [pid 33416:tid 1924] [client ::1:54153] PHP Warning:  Undefined array key "class" in C:\\xampp\\htdocs\\05_10_isa_3\\registration.php on line 12, referer: http://localhost/05_10_isa_3/login.php
[Wed Mar 26 11:23:16.010441 2025] [php:error] [pid 33416:tid 1924] [client ::1:54153] PHP Fatal error:  Uncaught mysqli_sql_exception: Column 'gender' cannot be null in C:\\xampp\\htdocs\\05_10_isa_3\\registration.php:22\nStack trace:\n#0 C:\\xampp\\htdocs\\05_10_isa_3\\registration.php(22): mysqli_stmt->execute()\n#1 {main}\n  thrown in C:\\xampp\\htdocs\\05_10_isa_3\\registration.php on line 22, referer: http://localhost/05_10_isa_3/login.php
[Wed Mar 26 11:39:24.179265 2025] [php:error] [pid 33416:tid 1932] [client ::1:50285] PHP Parse error:  syntax error, unexpected identifier "Registration" in C:\\xampp\\htdocs\\05_10_isa_3\\registration.php on line 19
[Wed Mar 26 11:39:24.253184 2025] [php:error] [pid 33416:tid 1924] [client ::1:50286] PHP Parse error:  syntax error, unexpected identifier "Registration" in C:\\xampp\\htdocs\\05_10_isa_3\\registration.php on line 19
[Wed Mar 26 11:41:37.484711 2025] [php:warn] [pid 33416:tid 1932] [client ::1:50300] PHP Warning:  include(db.php): Failed to open stream: No such file or directory in C:\\xampp\\htdocs\\05_10_isa_3\\registration.php on line 3
[Wed Mar 26 11:41:37.484711 2025] [php:warn] [pid 33416:tid 1932] [client ::1:50300] PHP Warning:  include(): Failed opening 'db.php' for inclusion (include_path='C:\\xampp\\php\\PEAR') in C:\\xampp\\htdocs\\05_10_isa_3\\registration.php on line 3
[Wed Mar 26 11:41:37.484711 2025] [php:warn] [pid 33416:tid 1932] [client ::1:50300] PHP Warning:  Undefined variable $conn in C:\\xampp\\htdocs\\05_10_isa_3\\registration.php on line 5
[Wed Mar 26 11:41:37.552250 2025] [php:warn] [pid 33416:tid 1924] [client ::1:50301] PHP Warning:  include(db.php): Failed to open stream: No such file or directory in C:\\xampp\\htdocs\\05_10_isa_3\\registration.php on line 3
[Wed Mar 26 11:41:37.552250 2025] [php:warn] [pid 33416:tid 1924] [client ::1:50301] PHP Warning:  include(): Failed opening 'db.php' for inclusion (include_path='C:\\xampp\\php\\PEAR') in C:\\xampp\\htdocs\\05_10_isa_3\\registration.php on line 3
[Wed Mar 26 11:41:37.552250 2025] [php:warn] [pid 33416:tid 1924] [client ::1:50301] PHP Warning:  Undefined variable $conn in C:\\xampp\\htdocs\\05_10_isa_3\\registration.php on line 5
[Wed Mar 26 11:42:16.648458 2025] [php:warn] [pid 33416:tid 1924] [client ::1:50311] PHP Warning:  include(db.php): Failed to open stream: No such file or directory in C:\\xampp\\htdocs\\05_10_isa_3\\registration.php on line 3
[Wed Mar 26 11:42:16.648458 2025] [php:warn] [pid 33416:tid 1924] [client ::1:50311] PHP Warning:  include(): Failed opening 'db.php' for inclusion (include_path='C:\\xampp\\php\\PEAR') in C:\\xampp\\htdocs\\05_10_isa_3\\registration.php on line 3
[Wed Mar 26 11:42:16.648458 2025] [php:warn] [pid 33416:tid 1924] [client ::1:50311] PHP Warning:  Undefined variable $conn in C:\\xampp\\htdocs\\05_10_isa_3\\registration.php on line 5
[Wed Mar 26 11:42:16.699435 2025] [php:warn] [pid 33416:tid 1932] [client ::1:50312] PHP Warning:  include(db.php): Failed to open stream: No such file or directory in C:\\xampp\\htdocs\\05_10_isa_3\\registration.php on line 3
[Wed Mar 26 11:42:16.699435 2025] [php:warn] [pid 33416:tid 1932] [client ::1:50312] PHP Warning:  include(): Failed opening 'db.php' for inclusion (include_path='C:\\xampp\\php\\PEAR') in C:\\xampp\\htdocs\\05_10_isa_3\\registration.php on line 3
[Wed Mar 26 11:42:16.699435 2025] [php:warn] [pid 33416:tid 1932] [client ::1:50312] PHP Warning:  Undefined variable $conn in C:\\xampp\\htdocs\\05_10_isa_3\\registration.php on line 5
[Wed Mar 26 11:42:17.530935 2025] [php:warn] [pid 33416:tid 1924] [client ::1:50311] PHP Warning:  include(db.php): Failed to open stream: No such file or directory in C:\\xampp\\htdocs\\05_10_isa_3\\registration.php on line 3
[Wed Mar 26 11:42:17.530935 2025] [php:warn] [pid 33416:tid 1924] [client ::1:50311] PHP Warning:  include(): Failed opening 'db.php' for inclusion (include_path='C:\\xampp\\php\\PEAR') in C:\\xampp\\htdocs\\05_10_isa_3\\registration.php on line 3
[Wed Mar 26 11:42:17.530935 2025] [php:warn] [pid 33416:tid 1924] [client ::1:50311] PHP Warning:  Undefined variable $conn in C:\\xampp\\htdocs\\05_10_isa_3\\registration.php on line 5
[Wed Mar 26 11:42:17.566236 2025] [php:warn] [pid 33416:tid 1932] [client ::1:50312] PHP Warning:  include(db.php): Failed to open stream: No such file or directory in C:\\xampp\\htdocs\\05_10_isa_3\\registration.php on line 3
[Wed Mar 26 11:42:17.567232 2025] [php:warn] [pid 33416:tid 1932] [client ::1:50312] PHP Warning:  include(): Failed opening 'db.php' for inclusion (include_path='C:\\xampp\\php\\PEAR') in C:\\xampp\\htdocs\\05_10_isa_3\\registration.php on line 3
[Wed Mar 26 11:42:17.567232 2025] [php:warn] [pid 33416:tid 1932] [client ::1:50312] PHP Warning:  Undefined variable $conn in C:\\xampp\\htdocs\\05_10_isa_3\\registration.php on line 5
[Wed Mar 26 11:42:20.805902 2025] [php:warn] [pid 33416:tid 1924] [client ::1:50311] PHP Warning:  include(db.php): Failed to open stream: No such file or directory in C:\\xampp\\htdocs\\05_10_isa_3\\registration.php on line 3
[Wed Mar 26 11:42:20.806899 2025] [php:warn] [pid 33416:tid 1924] [client ::1:50311] PHP Warning:  include(): Failed opening 'db.php' for inclusion (include_path='C:\\xampp\\php\\PEAR') in C:\\xampp\\htdocs\\05_10_isa_3\\registration.php on line 3
[Wed Mar 26 11:42:20.807895 2025] [php:warn] [pid 33416:tid 1924] [client ::1:50311] PHP Warning:  Undefined variable $conn in C:\\xampp\\htdocs\\05_10_isa_3\\registration.php on line 5
[Wed Mar 26 11:42:20.854652 2025] [php:warn] [pid 33416:tid 1932] [client ::1:50312] PHP Warning:  include(db.php): Failed to open stream: No such file or directory in C:\\xampp\\htdocs\\05_10_isa_3\\registration.php on line 3
[Wed Mar 26 11:42:20.854652 2025] [php:warn] [pid 33416:tid 1932] [client ::1:50312] PHP Warning:  include(): Failed opening 'db.php' for inclusion (include_path='C:\\xampp\\php\\PEAR') in C:\\xampp\\htdocs\\05_10_isa_3\\registration.php on line 3
[Wed Mar 26 11:42:20.854652 2025] [php:warn] [pid 33416:tid 1932] [client ::1:50312] PHP Warning:  Undefined variable $conn in C:\\xampp\\htdocs\\05_10_isa_3\\registration.php on line 5
[Wed Mar 26 11:42:23.237199 2025] [php:warn] [pid 33416:tid 1924] [client ::1:50311] PHP Warning:  include(db.php): Failed to open stream: No such file or directory in C:\\xampp\\htdocs\\05_10_isa_3\\registration.php on line 3
[Wed Mar 26 11:42:23.237199 2025] [php:warn] [pid 33416:tid 1924] [client ::1:50311] PHP Warning:  include(): Failed opening 'db.php' for inclusion (include_path='C:\\xampp\\php\\PEAR') in C:\\xampp\\htdocs\\05_10_isa_3\\registration.php on line 3
[Wed Mar 26 11:42:23.237199 2025] [php:warn] [pid 33416:tid 1924] [client ::1:50311] PHP Warning:  Undefined variable $conn in C:\\xampp\\htdocs\\05_10_isa_3\\registration.php on line 5
[Wed Mar 26 11:42:23.261227 2025] [php:warn] [pid 33416:tid 1932] [client ::1:50312] PHP Warning:  include(db.php): Failed to open stream: No such file or directory in C:\\xampp\\htdocs\\05_10_isa_3\\registration.php on line 3
[Wed Mar 26 11:42:23.262229 2025] [php:warn] [pid 33416:tid 1932] [client ::1:50312] PHP Warning:  include(): Failed opening 'db.php' for inclusion (include_path='C:\\xampp\\php\\PEAR') in C:\\xampp\\htdocs\\05_10_isa_3\\registration.php on line 3
[Wed Mar 26 11:42:23.262229 2025] [php:warn] [pid 33416:tid 1932] [client ::1:50312] PHP Warning:  Undefined variable $conn in C:\\xampp\\htdocs\\05_10_isa_3\\registration.php on line 5
[Wed Mar 26 11:42:36.435429 2025] [php:warn] [pid 33416:tid 1932] [client ::1:50315] PHP Warning:  include(db.php): Failed to open stream: No such file or directory in C:\\xampp\\htdocs\\05_10_isa_3\\registration.php on line 3
[Wed Mar 26 11:42:36.435429 2025] [php:warn] [pid 33416:tid 1932] [client ::1:50315] PHP Warning:  include(): Failed opening 'db.php' for inclusion (include_path='C:\\xampp\\php\\PEAR') in C:\\xampp\\htdocs\\05_10_isa_3\\registration.php on line 3
[Wed Mar 26 11:42:36.435429 2025] [php:warn] [pid 33416:tid 1932] [client ::1:50315] PHP Warning:  Undefined variable $conn in C:\\xampp\\htdocs\\05_10_isa_3\\registration.php on line 5
[Wed Mar 26 11:42:36.477646 2025] [php:warn] [pid 33416:tid 1924] [client ::1:50316] PHP Warning:  include(db.php): Failed to open stream: No such file or directory in C:\\xampp\\htdocs\\05_10_isa_3\\registration.php on line 3
[Wed Mar 26 11:42:36.477646 2025] [php:warn] [pid 33416:tid 1924] [client ::1:50316] PHP Warning:  include(): Failed opening 'db.php' for inclusion (include_path='C:\\xampp\\php\\PEAR') in C:\\xampp\\htdocs\\05_10_isa_3\\registration.php on line 3
[Wed Mar 26 11:42:36.477646 2025] [php:warn] [pid 33416:tid 1924] [client ::1:50316] PHP Warning:  Undefined variable $conn in C:\\xampp\\htdocs\\05_10_isa_3\\registration.php on line 5
[Wed Mar 26 11:43:28.545378 2025] [php:warn] [pid 33416:tid 1924] [client ::1:50329] PHP Warning:  include(db.php): Failed to open stream: No such file or directory in C:\\xampp\\htdocs\\05_10_isa_3\\registration.php on line 3
[Wed Mar 26 11:43:28.545378 2025] [php:warn] [pid 33416:tid 1924] [client ::1:50329] PHP Warning:  include(): Failed opening 'db.php' for inclusion (include_path='C:\\xampp\\php\\PEAR') in C:\\xampp\\htdocs\\05_10_isa_3\\registration.php on line 3
[Wed Mar 26 11:43:28.546867 2025] [php:warn] [pid 33416:tid 1924] [client ::1:50329] PHP Warning:  Undefined variable $conn in C:\\xampp\\htdocs\\05_10_isa_3\\registration.php on line 5
[Wed Mar 26 11:43:28.580787 2025] [php:warn] [pid 33416:tid 1932] [client ::1:50330] PHP Warning:  include(db.php): Failed to open stream: No such file or directory in C:\\xampp\\htdocs\\05_10_isa_3\\registration.php on line 3
[Wed Mar 26 11:43:28.580787 2025] [php:warn] [pid 33416:tid 1932] [client ::1:50330] PHP Warning:  include(): Failed opening 'db.php' for inclusion (include_path='C:\\xampp\\php\\PEAR') in C:\\xampp\\htdocs\\05_10_isa_3\\registration.php on line 3
[Wed Mar 26 11:43:28.580787 2025] [php:warn] [pid 33416:tid 1932] [client ::1:50330] PHP Warning:  Undefined variable $conn in C:\\xampp\\htdocs\\05_10_isa_3\\registration.php on line 5
[Wed Mar 26 11:44:19.380695 2025] [php:error] [pid 33416:tid 1924] [client ::1:50342] PHP Fatal error:  Uncaught mysqli_sql_exception: Table '05_10_isa3.waiter' doesn't exist in C:\\xampp\\htdocs\\05_10_isa_3\\registration.php:19\nStack trace:\n#0 C:\\xampp\\htdocs\\05_10_isa_3\\registration.php(19): mysqli_query(Object(mysqli), 'INSERT INTO wai...')\n#1 {main}\n  thrown in C:\\xampp\\htdocs\\05_10_isa_3\\registration.php on line 19, referer: http://localhost/05_10_isa_3/registration.php
[Wed Mar 26 11:47:36.383852 2025] [php:error] [pid 33416:tid 1932] [client ::1:50376] PHP Fatal error:  Uncaught mysqli_sql_exception: Table '05_10_isa3.waiter' doesn't exist in C:\\xampp\\htdocs\\05_10_isa_3\\registration.php:19\nStack trace:\n#0 C:\\xampp\\htdocs\\05_10_isa_3\\registration.php(19): mysqli_query(Object(mysqli), 'INSERT INTO wai...')\n#1 {main}\n  thrown in C:\\xampp\\htdocs\\05_10_isa_3\\registration.php on line 19, referer: http://localhost/05_10_isa_3/registration.php
[Wed Mar 26 11:48:01.826927 2025] [php:error] [pid 33416:tid 1932] [client ::1:50386] PHP Fatal error:  Uncaught mysqli_sql_exception: Table '05_10_isa3.waiter' doesn't exist in C:\\xampp\\htdocs\\05_10_isa_3\\registration.php:19\nStack trace:\n#0 C:\\xampp\\htdocs\\05_10_isa_3\\registration.php(19): mysqli_query(Object(mysqli), 'INSERT INTO wai...')\n#1 {main}\n  thrown in C:\\xampp\\htdocs\\05_10_isa_3\\registration.php on line 19, referer: http://localhost/05_10_isa_3/registration.php
[Sun Mar 30 11:20:52.271251 2025] [ssl:warn] [pid 8588:tid 456] AH01909: www.example.com:443:0 server certificate does NOT include an ID which matches the server name
[Sun Mar 30 11:20:52.314759 2025] [core:warn] [pid 8588:tid 456] AH00098: pid file C:/xampp/apache/logs/httpd.pid overwritten -- Unclean shutdown of previous Apache run?
[Sun Mar 30 11:20:52.316752 2025] [ssl:warn] [pid 8588:tid 456] AH01909: www.example.com:443:0 server certificate does NOT include an ID which matches the server name
[Sun Mar 30 11:20:52.354735 2025] [mpm_winnt:notice] [pid 8588:tid 456] AH00455: Apache/2.4.58 (Win64) OpenSSL/3.1.3 PHP/8.2.12 configured -- resuming normal operations
[Sun Mar 30 11:20:52.354735 2025] [mpm_winnt:notice] [pid 8588:tid 456] AH00456: Apache Lounge VS17 Server built: Oct 18 2023 13:03:18
[Sun Mar 30 11:20:52.354735 2025] [core:notice] [pid 8588:tid 456] AH00094: Command line: 'c:\\xampp\\apache\\bin\\httpd.exe -d C:/xampp/apache'
[Sun Mar 30 11:20:52.366710 2025] [mpm_winnt:notice] [pid 8588:tid 456] AH00418: Parent: Created child process 30872
[Sun Mar 30 11:20:52.775717 2025] [ssl:warn] [pid 30872:tid 460] AH01909: www.example.com:443:0 server certificate does NOT include an ID which matches the server name
[Sun Mar 30 11:20:52.803113 2025] [ssl:warn] [pid 30872:tid 460] AH01909: www.example.com:443:0 server certificate does NOT include an ID which matches the server name
[Sun Mar 30 11:20:52.836060 2025] [mpm_winnt:notice] [pid 30872:tid 460] AH00354: Child: Starting 150 worker threads.
[Sun Mar 30 11:28:21.768874 2025] [php:error] [pid 30872:tid 1984] [client ::1:58633] script 'C:/xampp/htdocs/startphp2305010/Do_while.php' not found or unable to stat
[Sun Mar 30 11:28:21.788669 2025] [php:error] [pid 30872:tid 1996] [client ::1:58634] script 'C:/xampp/htdocs/startphp2305010/Do_while.php' not found or unable to stat
[Sun Mar 30 11:32:54.737615 2025] [php:warn] [pid 30872:tid 1996] [client ::1:58736] PHP Warning:  Undefined variable $username in C:\\xampp\\htdocs\\startphp2305010\\insertmyAction.php on line 8
[Sun Mar 30 11:32:54.739608 2025] [php:error] [pid 30872:tid 1996] [client ::1:58736] PHP Fatal error:  Uncaught mysqli_sql_exception: Access denied for user ''@'localhost' (using password: YES) in C:\\xampp\\htdocs\\startphp2305010\\insertmyAction.php:8\nStack trace:\n#0 C:\\xampp\\htdocs\\startphp2305010\\insertmyAction.php(8): mysqli->__construct('localhost', NULL, Object(SensitiveParameterValue), 'collegemgsystem')\n#1 {main}\n  thrown in C:\\xampp\\htdocs\\startphp2305010\\insertmyAction.php on line 8
[Sun Mar 30 11:32:54.767613 2025] [php:warn] [pid 30872:tid 1984] [client ::1:58738] PHP Warning:  Undefined variable $username in C:\\xampp\\htdocs\\startphp2305010\\insertmyAction.php on line 8
[Sun Mar 30 11:32:54.769042 2025] [php:error] [pid 30872:tid 1984] [client ::1:58738] PHP Fatal error:  Uncaught mysqli_sql_exception: Access denied for user ''@'localhost' (using password: YES) in C:\\xampp\\htdocs\\startphp2305010\\insertmyAction.php:8\nStack trace:\n#0 C:\\xampp\\htdocs\\startphp2305010\\insertmyAction.php(8): mysqli->__construct('localhost', NULL, Object(SensitiveParameterValue), 'collegemgsystem')\n#1 {main}\n  thrown in C:\\xampp\\htdocs\\startphp2305010\\insertmyAction.php on line 8
[Sun Mar 30 11:34:55.786029 2025] [php:warn] [pid 30872:tid 1948] [client ::1:58823] PHP Warning:  Undefined variable $username in C:\\xampp\\htdocs\\startphp2305010\\insertmyAction.php on line 8
[Sun Mar 30 11:34:55.788136 2025] [php:error] [pid 30872:tid 1948] [client ::1:58823] PHP Fatal error:  Uncaught mysqli_sql_exception: Access denied for user ''@'localhost' (using password: YES) in C:\\xampp\\htdocs\\startphp2305010\\insertmyAction.php:8\nStack trace:\n#0 C:\\xampp\\htdocs\\startphp2305010\\insertmyAction.php(8): mysqli->__construct('localhost', NULL, Object(SensitiveParameterValue), 'businessdb')\n#1 {main}\n  thrown in C:\\xampp\\htdocs\\startphp2305010\\insertmyAction.php on line 8
[Sun Mar 30 11:34:55.811390 2025] [php:warn] [pid 30872:tid 1968] [client ::1:58825] PHP Warning:  Undefined variable $username in C:\\xampp\\htdocs\\startphp2305010\\insertmyAction.php on line 8
[Sun Mar 30 11:34:55.813384 2025] [php:error] [pid 30872:tid 1968] [client ::1:58825] PHP Fatal error:  Uncaught mysqli_sql_exception: Access denied for user ''@'localhost' (using password: YES) in C:\\xampp\\htdocs\\startphp2305010\\insertmyAction.php:8\nStack trace:\n#0 C:\\xampp\\htdocs\\startphp2305010\\insertmyAction.php(8): mysqli->__construct('localhost', NULL, Object(SensitiveParameterValue), 'businessdb')\n#1 {main}\n  thrown in C:\\xampp\\htdocs\\startphp2305010\\insertmyAction.php on line 8
[Sun Mar 30 11:34:58.313429 2025] [php:warn] [pid 30872:tid 1948] [client ::1:58823] PHP Warning:  Undefined variable $username in C:\\xampp\\htdocs\\startphp2305010\\insertmyAction.php on line 8
[Sun Mar 30 11:34:58.315426 2025] [php:error] [pid 30872:tid 1948] [client ::1:58823] PHP Fatal error:  Uncaught mysqli_sql_exception: Access denied for user ''@'localhost' (using password: YES) in C:\\xampp\\htdocs\\startphp2305010\\insertmyAction.php:8\nStack trace:\n#0 C:\\xampp\\htdocs\\startphp2305010\\insertmyAction.php(8): mysqli->__construct('localhost', NULL, Object(SensitiveParameterValue), 'businessdb')\n#1 {main}\n  thrown in C:\\xampp\\htdocs\\startphp2305010\\insertmyAction.php on line 8
[Sun Mar 30 11:34:58.337237 2025] [php:warn] [pid 30872:tid 1968] [client ::1:58825] PHP Warning:  Undefined variable $username in C:\\xampp\\htdocs\\startphp2305010\\insertmyAction.php on line 8
[Sun Mar 30 11:34:58.339231 2025] [php:error] [pid 30872:tid 1968] [client ::1:58825] PHP Fatal error:  Uncaught mysqli_sql_exception: Access denied for user ''@'localhost' (using password: YES) in C:\\xampp\\htdocs\\startphp2305010\\insertmyAction.php:8\nStack trace:\n#0 C:\\xampp\\htdocs\\startphp2305010\\insertmyAction.php(8): mysqli->__construct('localhost', NULL, Object(SensitiveParameterValue), 'businessdb')\n#1 {main}\n  thrown in C:\\xampp\\htdocs\\startphp2305010\\insertmyAction.php on line 8
[Sun Mar 30 11:34:58.492098 2025] [php:warn] [pid 30872:tid 1948] [client ::1:58823] PHP Warning:  Undefined variable $username in C:\\xampp\\htdocs\\startphp2305010\\insertmyAction.php on line 8
[Sun Mar 30 11:34:58.494091 2025] [php:error] [pid 30872:tid 1948] [client ::1:58823] PHP Fatal error:  Uncaught mysqli_sql_exception: Access denied for user ''@'localhost' (using password: YES) in C:\\xampp\\htdocs\\startphp2305010\\insertmyAction.php:8\nStack trace:\n#0 C:\\xampp\\htdocs\\startphp2305010\\insertmyAction.php(8): mysqli->__construct('localhost', NULL, Object(SensitiveParameterValue), 'businessdb')\n#1 {main}\n  thrown in C:\\xampp\\htdocs\\startphp2305010\\insertmyAction.php on line 8
[Sun Mar 30 11:34:58.514438 2025] [php:warn] [pid 30872:tid 1968] [client ::1:58825] PHP Warning:  Undefined variable $username in C:\\xampp\\htdocs\\startphp2305010\\insertmyAction.php on line 8
[Sun Mar 30 11:34:58.516432 2025] [php:error] [pid 30872:tid 1968] [client ::1:58825] PHP Fatal error:  Uncaught mysqli_sql_exception: Access denied for user ''@'localhost' (using password: YES) in C:\\xampp\\htdocs\\startphp2305010\\insertmyAction.php:8\nStack trace:\n#0 C:\\xampp\\htdocs\\startphp2305010\\insertmyAction.php(8): mysqli->__construct('localhost', NULL, Object(SensitiveParameterValue), 'businessdb')\n#1 {main}\n  thrown in C:\\xampp\\htdocs\\startphp2305010\\insertmyAction.php on line 8
[Sun Mar 30 11:34:58.686213 2025] [php:warn] [pid 30872:tid 1948] [client ::1:58823] PHP Warning:  Undefined variable $username in C:\\xampp\\htdocs\\startphp2305010\\insertmyAction.php on line 8
[Sun Mar 30 11:34:58.689280 2025] [php:error] [pid 30872:tid 1948] [client ::1:58823] PHP Fatal error:  Uncaught mysqli_sql_exception: Access denied for user ''@'localhost' (using password: YES) in C:\\xampp\\htdocs\\startphp2305010\\insertmyAction.php:8\nStack trace:\n#0 C:\\xampp\\htdocs\\startphp2305010\\insertmyAction.php(8): mysqli->__construct('localhost', NULL, Object(SensitiveParameterValue), 'businessdb')\n#1 {main}\n  thrown in C:\\xampp\\htdocs\\startphp2305010\\insertmyAction.php on line 8
[Sun Mar 30 11:34:58.708131 2025] [php:warn] [pid 30872:tid 1968] [client ::1:58825] PHP Warning:  Undefined variable $username in C:\\xampp\\htdocs\\startphp2305010\\insertmyAction.php on line 8
[Sun Mar 30 11:34:58.710508 2025] [php:error] [pid 30872:tid 1968] [client ::1:58825] PHP Fatal error:  Uncaught mysqli_sql_exception: Access denied for user ''@'localhost' (using password: YES) in C:\\xampp\\htdocs\\startphp2305010\\insertmyAction.php:8\nStack trace:\n#0 C:\\xampp\\htdocs\\startphp2305010\\insertmyAction.php(8): mysqli->__construct('localhost', NULL, Object(SensitiveParameterValue), 'businessdb')\n#1 {main}\n  thrown in C:\\xampp\\htdocs\\startphp2305010\\insertmyAction.php on line 8
[Sun Mar 30 11:34:58.860684 2025] [php:warn] [pid 30872:tid 1948] [client ::1:58823] PHP Warning:  Undefined variable $username in C:\\xampp\\htdocs\\startphp2305010\\insertmyAction.php on line 8
[Sun Mar 30 11:34:58.880747 2025] [php:error] [pid 30872:tid 1948] [client ::1:58823] PHP Fatal error:  Uncaught mysqli_sql_exception: Access denied for user ''@'localhost' (using password: YES) in C:\\xampp\\htdocs\\startphp2305010\\insertmyAction.php:8\nStack trace:\n#0 C:\\xampp\\htdocs\\startphp2305010\\insertmyAction.php(8): mysqli->__construct('localhost', NULL, Object(SensitiveParameterValue), 'businessdb')\n#1 {main}\n  thrown in C:\\xampp\\htdocs\\startphp2305010\\insertmyAction.php on line 8
[Sun Mar 30 11:34:58.896729 2025] [php:warn] [pid 30872:tid 1968] [client ::1:58825] PHP Warning:  Undefined variable $username in C:\\xampp\\htdocs\\startphp2305010\\insertmyAction.php on line 8
[Sun Mar 30 11:34:58.911945 2025] [php:error] [pid 30872:tid 1968] [client ::1:58825] PHP Fatal error:  Uncaught mysqli_sql_exception: Access denied for user ''@'localhost' (using password: YES) in C:\\xampp\\htdocs\\startphp2305010\\insertmyAction.php:8\nStack trace:\n#0 C:\\xampp\\htdocs\\startphp2305010\\insertmyAction.php(8): mysqli->__construct('localhost', NULL, Object(SensitiveParameterValue), 'businessdb')\n#1 {main}\n  thrown in C:\\xampp\\htdocs\\startphp2305010\\insertmyAction.php on line 8
[Sun Mar 30 11:34:59.062224 2025] [php:warn] [pid 30872:tid 1948] [client ::1:58823] PHP Warning:  Undefined variable $username in C:\\xampp\\htdocs\\startphp2305010\\insertmyAction.php on line 8
[Sun Mar 30 11:34:59.082307 2025] [php:error] [pid 30872:tid 1948] [client ::1:58823] PHP Fatal error:  Uncaught mysqli_sql_exception: Access denied for user ''@'localhost' (using password: YES) in C:\\xampp\\htdocs\\startphp2305010\\insertmyAction.php:8\nStack trace:\n#0 C:\\xampp\\htdocs\\startphp2305010\\insertmyAction.php(8): mysqli->__construct('localhost', NULL, Object(SensitiveParameterValue), 'businessdb')\n#1 {main}\n  thrown in C:\\xampp\\htdocs\\startphp2305010\\insertmyAction.php on line 8
[Sun Mar 30 11:34:59.105467 2025] [php:warn] [pid 30872:tid 1968] [client ::1:58825] PHP Warning:  Undefined variable $username in C:\\xampp\\htdocs\\startphp2305010\\insertmyAction.php on line 8
[Sun Mar 30 11:34:59.107492 2025] [php:error] [pid 30872:tid 1968] [client ::1:58825] PHP Fatal error:  Uncaught mysqli_sql_exception: Access denied for user ''@'localhost' (using password: YES) in C:\\xampp\\htdocs\\startphp2305010\\insertmyAction.php:8\nStack trace:\n#0 C:\\xampp\\htdocs\\startphp2305010\\insertmyAction.php(8): mysqli->__construct('localhost', NULL, Object(SensitiveParameterValue), 'businessdb')\n#1 {main}\n  thrown in C:\\xampp\\htdocs\\startphp2305010\\insertmyAction.php on line 8
[Sun Mar 30 11:35:01.168203 2025] [php:warn] [pid 30872:tid 1948] [client ::1:58823] PHP Warning:  Undefined variable $username in C:\\xampp\\htdocs\\startphp2305010\\insertmyAction.php on line 8
[Sun Mar 30 11:35:01.170378 2025] [php:error] [pid 30872:tid 1948] [client ::1:58823] PHP Fatal error:  Uncaught mysqli_sql_exception: Access denied for user ''@'localhost' (using password: YES) in C:\\xampp\\htdocs\\startphp2305010\\insertmyAction.php:8\nStack trace:\n#0 C:\\xampp\\htdocs\\startphp2305010\\insertmyAction.php(8): mysqli->__construct('localhost', NULL, Object(SensitiveParameterValue), 'businessdb')\n#1 {main}\n  thrown in C:\\xampp\\htdocs\\startphp2305010\\insertmyAction.php on line 8
[Sun Mar 30 11:35:01.193597 2025] [php:warn] [pid 30872:tid 1968] [client ::1:58825] PHP Warning:  Undefined variable $username in C:\\xampp\\htdocs\\startphp2305010\\insertmyAction.php on line 8
[Sun Mar 30 11:35:01.196334 2025] [php:error] [pid 30872:tid 1968] [client ::1:58825] PHP Fatal error:  Uncaught mysqli_sql_exception: Access denied for user ''@'localhost' (using password: YES) in C:\\xampp\\htdocs\\startphp2305010\\insertmyAction.php:8\nStack trace:\n#0 C:\\xampp\\htdocs\\startphp2305010\\insertmyAction.php(8): mysqli->__construct('localhost', NULL, Object(SensitiveParameterValue), 'businessdb')\n#1 {main}\n  thrown in C:\\xampp\\htdocs\\startphp2305010\\insertmyAction.php on line 8
[Sun Mar 30 11:37:55.684091 2025] [php:warn] [pid 30872:tid 1944] [client ::1:59131] PHP Warning:  Undefined variable $username in C:\\xampp\\htdocs\\startphp2305010\\insertmyAction.php on line 8
[Sun Mar 30 11:37:55.702600 2025] [php:error] [pid 30872:tid 1944] [client ::1:59131] PHP Fatal error:  Uncaught mysqli_sql_exception: Access denied for user ''@'localhost' (using password: NO) in C:\\xampp\\htdocs\\startphp2305010\\insertmyAction.php:8\nStack trace:\n#0 C:\\xampp\\htdocs\\startphp2305010\\insertmyAction.php(8): mysqli->__construct('localhost', NULL, Object(SensitiveParameterValue), 'businessdb')\n#1 {main}\n  thrown in C:\\xampp\\htdocs\\startphp2305010\\insertmyAction.php on line 8
[Sun Mar 30 11:37:55.725500 2025] [php:warn] [pid 30872:tid 1968] [client ::1:59133] PHP Warning:  Undefined variable $username in C:\\xampp\\htdocs\\startphp2305010\\insertmyAction.php on line 8
[Sun Mar 30 11:37:55.727863 2025] [php:error] [pid 30872:tid 1968] [client ::1:59133] PHP Fatal error:  Uncaught mysqli_sql_exception: Access denied for user ''@'localhost' (using password: NO) in C:\\xampp\\htdocs\\startphp2305010\\insertmyAction.php:8\nStack trace:\n#0 C:\\xampp\\htdocs\\startphp2305010\\insertmyAction.php(8): mysqli->__construct('localhost', NULL, Object(SensitiveParameterValue), 'businessdb')\n#1 {main}\n  thrown in C:\\xampp\\htdocs\\startphp2305010\\insertmyAction.php on line 8
[Sun Mar 30 11:37:56.625111 2025] [php:warn] [pid 30872:tid 1944] [client ::1:59131] PHP Warning:  Undefined variable $username in C:\\xampp\\htdocs\\startphp2305010\\insertmyAction.php on line 8
[Sun Mar 30 11:37:56.627603 2025] [php:error] [pid 30872:tid 1944] [client ::1:59131] PHP Fatal error:  Uncaught mysqli_sql_exception: Access denied for user ''@'localhost' (using password: NO) in C:\\xampp\\htdocs\\startphp2305010\\insertmyAction.php:8\nStack trace:\n#0 C:\\xampp\\htdocs\\startphp2305010\\insertmyAction.php(8): mysqli->__construct('localhost', NULL, Object(SensitiveParameterValue), 'businessdb')\n#1 {main}\n  thrown in C:\\xampp\\htdocs\\startphp2305010\\insertmyAction.php on line 8
[Sun Mar 30 11:37:56.649286 2025] [php:warn] [pid 30872:tid 1968] [client ::1:59133] PHP Warning:  Undefined variable $username in C:\\xampp\\htdocs\\startphp2305010\\insertmyAction.php on line 8
[Sun Mar 30 11:37:56.651588 2025] [php:error] [pid 30872:tid 1968] [client ::1:59133] PHP Fatal error:  Uncaught mysqli_sql_exception: Access denied for user ''@'localhost' (using password: NO) in C:\\xampp\\htdocs\\startphp2305010\\insertmyAction.php:8\nStack trace:\n#0 C:\\xampp\\htdocs\\startphp2305010\\insertmyAction.php(8): mysqli->__construct('localhost', NULL, Object(SensitiveParameterValue), 'businessdb')\n#1 {main}\n  thrown in C:\\xampp\\htdocs\\startphp2305010\\insertmyAction.php on line 8
[Sun Mar 30 11:37:56.816115 2025] [php:warn] [pid 30872:tid 1944] [client ::1:59131] PHP Warning:  Undefined variable $username in C:\\xampp\\htdocs\\startphp2305010\\insertmyAction.php on line 8
[Sun Mar 30 11:37:56.834925 2025] [php:error] [pid 30872:tid 1944] [client ::1:59131] PHP Fatal error:  Uncaught mysqli_sql_exception: Access denied for user ''@'localhost' (using password: NO) in C:\\xampp\\htdocs\\startphp2305010\\insertmyAction.php:8\nStack trace:\n#0 C:\\xampp\\htdocs\\startphp2305010\\insertmyAction.php(8): mysqli->__construct('localhost', NULL, Object(SensitiveParameterValue), 'businessdb')\n#1 {main}\n  thrown in C:\\xampp\\htdocs\\startphp2305010\\insertmyAction.php on line 8
[Sun Mar 30 11:37:56.854452 2025] [php:warn] [pid 30872:tid 1968] [client ::1:59133] PHP Warning:  Undefined variable $username in C:\\xampp\\htdocs\\startphp2305010\\insertmyAction.php on line 8
[Sun Mar 30 11:37:56.856627 2025] [php:error] [pid 30872:tid 1968] [client ::1:59133] PHP Fatal error:  Uncaught mysqli_sql_exception: Access denied for user ''@'localhost' (using password: NO) in C:\\xampp\\htdocs\\startphp2305010\\insertmyAction.php:8\nStack trace:\n#0 C:\\xampp\\htdocs\\startphp2305010\\insertmyAction.php(8): mysqli->__construct('localhost', NULL, Object(SensitiveParameterValue), 'businessdb')\n#1 {main}\n  thrown in C:\\xampp\\htdocs\\startphp2305010\\insertmyAction.php on line 8
[Sun Mar 30 11:37:56.996194 2025] [php:warn] [pid 30872:tid 1944] [client ::1:59131] PHP Warning:  Undefined variable $username in C:\\xampp\\htdocs\\startphp2305010\\insertmyAction.php on line 8
[Sun Mar 30 11:37:57.020444 2025] [php:error] [pid 30872:tid 1944] [client ::1:59131] PHP Fatal error:  Uncaught mysqli_sql_exception: Access denied for user ''@'localhost' (using password: NO) in C:\\xampp\\htdocs\\startphp2305010\\insertmyAction.php:8\nStack trace:\n#0 C:\\xampp\\htdocs\\startphp2305010\\insertmyAction.php(8): mysqli->__construct('localhost', NULL, Object(SensitiveParameterValue), 'businessdb')\n#1 {main}\n  thrown in C:\\xampp\\htdocs\\startphp2305010\\insertmyAction.php on line 8
[Sun Mar 30 11:37:57.041322 2025] [php:warn] [pid 30872:tid 1968] [client ::1:59133] PHP Warning:  Undefined variable $username in C:\\xampp\\htdocs\\startphp2305010\\insertmyAction.php on line 8
[Sun Mar 30 11:37:57.042736 2025] [php:error] [pid 30872:tid 1968] [client ::1:59133] PHP Fatal error:  Uncaught mysqli_sql_exception: Access denied for user ''@'localhost' (using password: NO) in C:\\xampp\\htdocs\\startphp2305010\\insertmyAction.php:8\nStack trace:\n#0 C:\\xampp\\htdocs\\startphp2305010\\insertmyAction.php(8): mysqli->__construct('localhost', NULL, Object(SensitiveParameterValue), 'businessdb')\n#1 {main}\n  thrown in C:\\xampp\\htdocs\\startphp2305010\\insertmyAction.php on line 8
[Sun Mar 30 11:37:57.198369 2025] [php:warn] [pid 30872:tid 1944] [client ::1:59131] PHP Warning:  Undefined variable $username in C:\\xampp\\htdocs\\startphp2305010\\insertmyAction.php on line 8
[Sun Mar 30 11:37:57.223077 2025] [php:error] [pid 30872:tid 1944] [client ::1:59131] PHP Fatal error:  Uncaught mysqli_sql_exception: Access denied for user ''@'localhost' (using password: NO) in C:\\xampp\\htdocs\\startphp2305010\\insertmyAction.php:8\nStack trace:\n#0 C:\\xampp\\htdocs\\startphp2305010\\insertmyAction.php(8): mysqli->__construct('localhost', NULL, Object(SensitiveParameterValue), 'businessdb')\n#1 {main}\n  thrown in C:\\xampp\\htdocs\\startphp2305010\\insertmyAction.php on line 8
[Sun Mar 30 11:37:57.240661 2025] [php:warn] [pid 30872:tid 1968] [client ::1:59133] PHP Warning:  Undefined variable $username in C:\\xampp\\htdocs\\startphp2305010\\insertmyAction.php on line 8
[Sun Mar 30 11:37:57.241664 2025] [php:error] [pid 30872:tid 1968] [client ::1:59133] PHP Fatal error:  Uncaught mysqli_sql_exception: Access denied for user ''@'localhost' (using password: NO) in C:\\xampp\\htdocs\\startphp2305010\\insertmyAction.php:8\nStack trace:\n#0 C:\\xampp\\htdocs\\startphp2305010\\insertmyAction.php(8): mysqli->__construct('localhost', NULL, Object(SensitiveParameterValue), 'businessdb')\n#1 {main}\n  thrown in C:\\xampp\\htdocs\\startphp2305010\\insertmyAction.php on line 8
[Sun Mar 30 11:37:58.867316 2025] [php:warn] [pid 30872:tid 1944] [client ::1:59131] PHP Warning:  Undefined variable $username in C:\\xampp\\htdocs\\startphp2305010\\insertmyAction.php on line 8
[Sun Mar 30 11:37:58.869636 2025] [php:error] [pid 30872:tid 1944] [client ::1:59131] PHP Fatal error:  Uncaught mysqli_sql_exception: Access denied for user ''@'localhost' (using password: NO) in C:\\xampp\\htdocs\\startphp2305010\\insertmyAction.php:8\nStack trace:\n#0 C:\\xampp\\htdocs\\startphp2305010\\insertmyAction.php(8): mysqli->__construct('localhost', NULL, Object(SensitiveParameterValue), 'businessdb')\n#1 {main}\n  thrown in C:\\xampp\\htdocs\\startphp2305010\\insertmyAction.php on line 8
[Sun Mar 30 11:37:58.888360 2025] [php:warn] [pid 30872:tid 1968] [client ::1:59133] PHP Warning:  Undefined variable $username in C:\\xampp\\htdocs\\startphp2305010\\insertmyAction.php on line 8
[Sun Mar 30 11:37:58.890849 2025] [php:error] [pid 30872:tid 1968] [client ::1:59133] PHP Fatal error:  Uncaught mysqli_sql_exception: Access denied for user ''@'localhost' (using password: NO) in C:\\xampp\\htdocs\\startphp2305010\\insertmyAction.php:8\nStack trace:\n#0 C:\\xampp\\htdocs\\startphp2305010\\insertmyAction.php(8): mysqli->__construct('localhost', NULL, Object(SensitiveParameterValue), 'businessdb')\n#1 {main}\n  thrown in C:\\xampp\\htdocs\\startphp2305010\\insertmyAction.php on line 8
[Sun Mar 30 11:39:21.809112 2025] [php:warn] [pid 30872:tid 1968] [client ::1:59189] PHP Warning:  Undefined variable $username in C:\\xampp\\htdocs\\startphp2305010\\insertmyAction.php on line 8
[Sun Mar 30 11:39:21.811132 2025] [php:error] [pid 30872:tid 1968] [client ::1:59189] PHP Fatal error:  Uncaught mysqli_sql_exception: Access denied for user ''@'localhost' (using password: NO) in C:\\xampp\\htdocs\\startphp2305010\\insertmyAction.php:8\nStack trace:\n#0 C:\\xampp\\htdocs\\startphp2305010\\insertmyAction.php(8): mysqli->__construct('localhost', NULL, Object(SensitiveParameterValue), 'businessdb')\n#1 {main}\n  thrown in C:\\xampp\\htdocs\\startphp2305010\\insertmyAction.php on line 8
[Sun Mar 30 11:39:21.829488 2025] [php:warn] [pid 30872:tid 1944] [client ::1:59191] PHP Warning:  Undefined variable $username in C:\\xampp\\htdocs\\startphp2305010\\insertmyAction.php on line 8
[Sun Mar 30 11:39:21.831667 2025] [php:error] [pid 30872:tid 1944] [client ::1:59191] PHP Fatal error:  Uncaught mysqli_sql_exception: Access denied for user ''@'localhost' (using password: NO) in C:\\xampp\\htdocs\\startphp2305010\\insertmyAction.php:8\nStack trace:\n#0 C:\\xampp\\htdocs\\startphp2305010\\insertmyAction.php(8): mysqli->__construct('localhost', NULL, Object(SensitiveParameterValue), 'businessdb')\n#1 {main}\n  thrown in C:\\xampp\\htdocs\\startphp2305010\\insertmyAction.php on line 8
[Sun Mar 30 11:39:22.560079 2025] [php:warn] [pid 30872:tid 1968] [client ::1:59189] PHP Warning:  Undefined variable $username in C:\\xampp\\htdocs\\startphp2305010\\insertmyAction.php on line 8
[Sun Mar 30 11:39:22.578459 2025] [php:error] [pid 30872:tid 1968] [client ::1:59189] PHP Fatal error:  Uncaught mysqli_sql_exception: Access denied for user ''@'localhost' (using password: NO) in C:\\xampp\\htdocs\\startphp2305010\\insertmyAction.php:8\nStack trace:\n#0 C:\\xampp\\htdocs\\startphp2305010\\insertmyAction.php(8): mysqli->__construct('localhost', NULL, Object(SensitiveParameterValue), 'businessdb')\n#1 {main}\n  thrown in C:\\xampp\\htdocs\\startphp2305010\\insertmyAction.php on line 8
[Sun Mar 30 11:39:22.600765 2025] [php:warn] [pid 30872:tid 1944] [client ::1:59191] PHP Warning:  Undefined variable $username in C:\\xampp\\htdocs\\startphp2305010\\insertmyAction.php on line 8
[Sun Mar 30 11:39:22.602863 2025] [php:error] [pid 30872:tid 1944] [client ::1:59191] PHP Fatal error:  Uncaught mysqli_sql_exception: Access denied for user ''@'localhost' (using password: NO) in C:\\xampp\\htdocs\\startphp2305010\\insertmyAction.php:8\nStack trace:\n#0 C:\\xampp\\htdocs\\startphp2305010\\insertmyAction.php(8): mysqli->__construct('localhost', NULL, Object(SensitiveParameterValue), 'businessdb')\n#1 {main}\n  thrown in C:\\xampp\\htdocs\\startphp2305010\\insertmyAction.php on line 8
[Sun Mar 30 11:39:22.732848 2025] [php:warn] [pid 30872:tid 1968] [client ::1:59189] PHP Warning:  Undefined variable $username in C:\\xampp\\htdocs\\startphp2305010\\insertmyAction.php on line 8
[Sun Mar 30 11:39:22.733909 2025] [php:error] [pid 30872:tid 1968] [client ::1:59189] PHP Fatal error:  Uncaught mysqli_sql_exception: Access denied for user ''@'localhost' (using password: NO) in C:\\xampp\\htdocs\\startphp2305010\\insertmyAction.php:8\nStack trace:\n#0 C:\\xampp\\htdocs\\startphp2305010\\insertmyAction.php(8): mysqli->__construct('localhost', NULL, Object(SensitiveParameterValue), 'businessdb')\n#1 {main}\n  thrown in C:\\xampp\\htdocs\\startphp2305010\\insertmyAction.php on line 8
[Sun Mar 30 11:39:22.756144 2025] [php:warn] [pid 30872:tid 1944] [client ::1:59191] PHP Warning:  Undefined variable $username in C:\\xampp\\htdocs\\startphp2305010\\insertmyAction.php on line 8
[Sun Mar 30 11:39:22.757446 2025] [php:error] [pid 30872:tid 1944] [client ::1:59191] PHP Fatal error:  Uncaught mysqli_sql_exception: Access denied for user ''@'localhost' (using password: NO) in C:\\xampp\\htdocs\\startphp2305010\\insertmyAction.php:8\nStack trace:\n#0 C:\\xampp\\htdocs\\startphp2305010\\insertmyAction.php(8): mysqli->__construct('localhost', NULL, Object(SensitiveParameterValue), 'businessdb')\n#1 {main}\n  thrown in C:\\xampp\\htdocs\\startphp2305010\\insertmyAction.php on line 8
[Sun Mar 30 11:39:22.915827 2025] [php:warn] [pid 30872:tid 1968] [client ::1:59189] PHP Warning:  Undefined variable $username in C:\\xampp\\htdocs\\startphp2305010\\insertmyAction.php on line 8
[Sun Mar 30 11:39:22.916833 2025] [php:error] [pid 30872:tid 1968] [client ::1:59189] PHP Fatal error:  Uncaught mysqli_sql_exception: Access denied for user ''@'localhost' (using password: NO) in C:\\xampp\\htdocs\\startphp2305010\\insertmyAction.php:8\nStack trace:\n#0 C:\\xampp\\htdocs\\startphp2305010\\insertmyAction.php(8): mysqli->__construct('localhost', NULL, Object(SensitiveParameterValue), 'businessdb')\n#1 {main}\n  thrown in C:\\xampp\\htdocs\\startphp2305010\\insertmyAction.php on line 8
[Sun Mar 30 11:39:22.941156 2025] [php:warn] [pid 30872:tid 1944] [client ::1:59191] PHP Warning:  Undefined variable $username in C:\\xampp\\htdocs\\startphp2305010\\insertmyAction.php on line 8
[Sun Mar 30 11:39:22.943348 2025] [php:error] [pid 30872:tid 1944] [client ::1:59191] PHP Fatal error:  Uncaught mysqli_sql_exception: Access denied for user ''@'localhost' (using password: NO) in C:\\xampp\\htdocs\\startphp2305010\\insertmyAction.php:8\nStack trace:\n#0 C:\\xampp\\htdocs\\startphp2305010\\insertmyAction.php(8): mysqli->__construct('localhost', NULL, Object(SensitiveParameterValue), 'businessdb')\n#1 {main}\n  thrown in C:\\xampp\\htdocs\\startphp2305010\\insertmyAction.php on line 8
[Sun Mar 30 11:39:23.114424 2025] [php:warn] [pid 30872:tid 1968] [client ::1:59189] PHP Warning:  Undefined variable $username in C:\\xampp\\htdocs\\startphp2305010\\insertmyAction.php on line 8
[Sun Mar 30 11:39:23.139273 2025] [php:error] [pid 30872:tid 1968] [client ::1:59189] PHP Fatal error:  Uncaught mysqli_sql_exception: Access denied for user ''@'localhost' (using password: NO) in C:\\xampp\\htdocs\\startphp2305010\\insertmyAction.php:8\nStack trace:\n#0 C:\\xampp\\htdocs\\startphp2305010\\insertmyAction.php(8): mysqli->__construct('localhost', NULL, Object(SensitiveParameterValue), 'businessdb')\n#1 {main}\n  thrown in C:\\xampp\\htdocs\\startphp2305010\\insertmyAction.php on line 8
[Sun Mar 30 11:39:23.158867 2025] [php:warn] [pid 30872:tid 1944] [client ::1:59191] PHP Warning:  Undefined variable $username in C:\\xampp\\htdocs\\startphp2305010\\insertmyAction.php on line 8
[Sun Mar 30 11:39:23.160888 2025] [php:error] [pid 30872:tid 1944] [client ::1:59191] PHP Fatal error:  Uncaught mysqli_sql_exception: Access denied for user ''@'localhost' (using password: NO) in C:\\xampp\\htdocs\\startphp2305010\\insertmyAction.php:8\nStack trace:\n#0 C:\\xampp\\htdocs\\startphp2305010\\insertmyAction.php(8): mysqli->__construct('localhost', NULL, Object(SensitiveParameterValue), 'businessdb')\n#1 {main}\n  thrown in C:\\xampp\\htdocs\\startphp2305010\\insertmyAction.php on line 8
[Sun Mar 30 11:39:26.917531 2025] [php:warn] [pid 30872:tid 1968] [client ::1:59189] PHP Warning:  Undefined variable $username in C:\\xampp\\htdocs\\startphp2305010\\insertmyAction.php on line 8
[Sun Mar 30 11:39:26.920131 2025] [php:error] [pid 30872:tid 1968] [client ::1:59189] PHP Fatal error:  Uncaught mysqli_sql_exception: Access denied for user ''@'localhost' (using password: NO) in C:\\xampp\\htdocs\\startphp2305010\\insertmyAction.php:8\nStack trace:\n#0 C:\\xampp\\htdocs\\startphp2305010\\insertmyAction.php(8): mysqli->__construct('localhost', NULL, Object(SensitiveParameterValue), 'businessdb')\n#1 {main}\n  thrown in C:\\xampp\\htdocs\\startphp2305010\\insertmyAction.php on line 8
[Sun Mar 30 11:39:26.940824 2025] [php:warn] [pid 30872:tid 1944] [client ::1:59191] PHP Warning:  Undefined variable $username in C:\\xampp\\htdocs\\startphp2305010\\insertmyAction.php on line 8
[Sun Mar 30 11:39:26.944011 2025] [php:error] [pid 30872:tid 1944] [client ::1:59191] PHP Fatal error:  Uncaught mysqli_sql_exception: Access denied for user ''@'localhost' (using password: NO) in C:\\xampp\\htdocs\\startphp2305010\\insertmyAction.php:8\nStack trace:\n#0 C:\\xampp\\htdocs\\startphp2305010\\insertmyAction.php(8): mysqli->__construct('localhost', NULL, Object(SensitiveParameterValue), 'businessdb')\n#1 {main}\n  thrown in C:\\xampp\\htdocs\\startphp2305010\\insertmyAction.php on line 8
[Sun Mar 30 11:40:31.258390 2025] [php:warn] [pid 30872:tid 1944] [client ::1:59233] PHP Warning:  Undefined variable $username in C:\\xampp\\htdocs\\startphp2305010\\insertmyAction.php on line 8
[Sun Mar 30 11:40:31.260797 2025] [php:error] [pid 30872:tid 1944] [client ::1:59233] PHP Fatal error:  Uncaught mysqli_sql_exception: Access denied for user ''@'localhost' (using password: NO) in C:\\xampp\\htdocs\\startphp2305010\\insertmyAction.php:8\nStack trace:\n#0 C:\\xampp\\htdocs\\startphp2305010\\insertmyAction.php(8): mysqli->__construct('localhost', NULL, Object(SensitiveParameterValue), 'businessdb')\n#1 {main}\n  thrown in C:\\xampp\\htdocs\\startphp2305010\\insertmyAction.php on line 8
[Sun Mar 30 11:40:31.284317 2025] [php:warn] [pid 30872:tid 1968] [client ::1:59235] PHP Warning:  Undefined variable $username in C:\\xampp\\htdocs\\startphp2305010\\insertmyAction.php on line 8
[Sun Mar 30 11:40:31.286801 2025] [php:error] [pid 30872:tid 1968] [client ::1:59235] PHP Fatal error:  Uncaught mysqli_sql_exception: Access denied for user ''@'localhost' (using password: NO) in C:\\xampp\\htdocs\\startphp2305010\\insertmyAction.php:8\nStack trace:\n#0 C:\\xampp\\htdocs\\startphp2305010\\insertmyAction.php(8): mysqli->__construct('localhost', NULL, Object(SensitiveParameterValue), 'businessdb')\n#1 {main}\n  thrown in C:\\xampp\\htdocs\\startphp2305010\\insertmyAction.php on line 8
[Sun Mar 30 11:40:34.322416 2025] [php:warn] [pid 30872:tid 1944] [client ::1:59233] PHP Warning:  Undefined variable $username in C:\\xampp\\htdocs\\startphp2305010\\insertmyAction.php on line 8
[Sun Mar 30 11:40:34.324873 2025] [php:error] [pid 30872:tid 1944] [client ::1:59233] PHP Fatal error:  Uncaught mysqli_sql_exception: Access denied for user ''@'localhost' (using password: NO) in C:\\xampp\\htdocs\\startphp2305010\\insertmyAction.php:8\nStack trace:\n#0 C:\\xampp\\htdocs\\startphp2305010\\insertmyAction.php(8): mysqli->__construct('localhost', NULL, Object(SensitiveParameterValue), 'businessdb')\n#1 {main}\n  thrown in C:\\xampp\\htdocs\\startphp2305010\\insertmyAction.php on line 8
[Sun Mar 30 11:40:34.346114 2025] [php:warn] [pid 30872:tid 1968] [client ::1:59235] PHP Warning:  Undefined variable $username in C:\\xampp\\htdocs\\startphp2305010\\insertmyAction.php on line 8
[Sun Mar 30 11:40:34.348835 2025] [php:error] [pid 30872:tid 1968] [client ::1:59235] PHP Fatal error:  Uncaught mysqli_sql_exception: Access denied for user ''@'localhost' (using password: NO) in C:\\xampp\\htdocs\\startphp2305010\\insertmyAction.php:8\nStack trace:\n#0 C:\\xampp\\htdocs\\startphp2305010\\insertmyAction.php(8): mysqli->__construct('localhost', NULL, Object(SensitiveParameterValue), 'businessdb')\n#1 {main}\n  thrown in C:\\xampp\\htdocs\\startphp2305010\\insertmyAction.php on line 8
[Sun Mar 30 11:45:01.263991 2025] [ssl:warn] [pid 27364:tid 480] AH01909: www.example.com:443:0 server certificate does NOT include an ID which matches the server name
[Sun Mar 30 11:45:01.290122 2025] [core:warn] [pid 27364:tid 480] AH00098: pid file C:/xampp/apache/logs/httpd.pid overwritten -- Unclean shutdown of previous Apache run?
[Sun Mar 30 11:45:01.292135 2025] [ssl:warn] [pid 27364:tid 480] AH01909: www.example.com:443:0 server certificate does NOT include an ID which matches the server name
[Sun Mar 30 11:45:01.322985 2025] [mpm_winnt:notice] [pid 27364:tid 480] AH00455: Apache/2.4.58 (Win64) OpenSSL/3.1.3 PHP/8.2.12 configured -- resuming normal operations
[Sun Mar 30 11:45:01.322985 2025] [mpm_winnt:notice] [pid 27364:tid 480] AH00456: Apache Lounge VS17 Server built: Oct 18 2023 13:03:18
[Sun Mar 30 11:45:01.322985 2025] [core:notice] [pid 27364:tid 480] AH00094: Command line: 'c:\\xampp\\apache\\bin\\httpd.exe -d C:/xampp/apache'
[Sun Mar 30 11:45:01.333571 2025] [mpm_winnt:notice] [pid 27364:tid 480] AH00418: Parent: Created child process 38420
[Sun Mar 30 11:45:01.731338 2025] [ssl:warn] [pid 38420:tid 468] AH01909: www.example.com:443:0 server certificate does NOT include an ID which matches the server name
[Sun Mar 30 11:45:01.757283 2025] [ssl:warn] [pid 38420:tid 468] AH01909: www.example.com:443:0 server certificate does NOT include an ID which matches the server name
[Sun Mar 30 11:45:01.787226 2025] [mpm_winnt:notice] [pid 38420:tid 468] AH00354: Child: Starting 150 worker threads.
[Sun Mar 30 11:45:13.241551 2025] [php:warn] [pid 38420:tid 1984] [client ::1:59509] PHP Warning:  Undefined variable $username in C:\\xampp\\htdocs\\startphp2305010\\insertmyAction.php on line 8
[Sun Mar 30 11:45:13.255506 2025] [php:error] [pid 38420:tid 1984] [client ::1:59509] PHP Fatal error:  Uncaught mysqli_sql_exception: Access denied for user ''@'localhost' (using password: NO) in C:\\xampp\\htdocs\\startphp2305010\\insertmyAction.php:8\nStack trace:\n#0 C:\\xampp\\htdocs\\startphp2305010\\insertmyAction.php(8): mysqli->__construct('localhost', NULL, Object(SensitiveParameterValue), 'businessdb')\n#1 {main}\n  thrown in C:\\xampp\\htdocs\\startphp2305010\\insertmyAction.php on line 8
[Sun Mar 30 11:45:13.288847 2025] [php:warn] [pid 38420:tid 1956] [client ::1:59524] PHP Warning:  Undefined variable $username in C:\\xampp\\htdocs\\startphp2305010\\insertmyAction.php on line 8
[Sun Mar 30 11:45:13.290337 2025] [php:error] [pid 38420:tid 1956] [client ::1:59524] PHP Fatal error:  Uncaught mysqli_sql_exception: Access denied for user ''@'localhost' (using password: NO) in C:\\xampp\\htdocs\\startphp2305010\\insertmyAction.php:8\nStack trace:\n#0 C:\\xampp\\htdocs\\startphp2305010\\insertmyAction.php(8): mysqli->__construct('localhost', NULL, Object(SensitiveParameterValue), 'businessdb')\n#1 {main}\n  thrown in C:\\xampp\\htdocs\\startphp2305010\\insertmyAction.php on line 8
[Sun Mar 30 11:45:37.833988 2025] [php:warn] [pid 38420:tid 1956] [client ::1:59581] PHP Warning:  Undefined variable $username in C:\\xampp\\htdocs\\startphp2305010\\insertmyAction.php on line 8
[Sun Mar 30 11:45:37.835401 2025] [php:error] [pid 38420:tid 1956] [client ::1:59581] PHP Fatal error:  Uncaught mysqli_sql_exception: Access denied for user ''@'localhost' (using password: NO) in C:\\xampp\\htdocs\\startphp2305010\\insertmyAction.php:8\nStack trace:\n#0 C:\\xampp\\htdocs\\startphp2305010\\insertmyAction.php(8): mysqli->__construct('localhost', NULL, Object(SensitiveParameterValue), 'businessdb')\n#1 {main}\n  thrown in C:\\xampp\\htdocs\\startphp2305010\\insertmyAction.php on line 8
[Sun Mar 30 11:45:37.852894 2025] [php:warn] [pid 38420:tid 1984] [client ::1:59585] PHP Warning:  Undefined variable $username in C:\\xampp\\htdocs\\startphp2305010\\insertmyAction.php on line 8
[Sun Mar 30 11:45:37.855294 2025] [php:error] [pid 38420:tid 1984] [client ::1:59585] PHP Fatal error:  Uncaught mysqli_sql_exception: Access denied for user ''@'localhost' (using password: NO) in C:\\xampp\\htdocs\\startphp2305010\\insertmyAction.php:8\nStack trace:\n#0 C:\\xampp\\htdocs\\startphp2305010\\insertmyAction.php(8): mysqli->__construct('localhost', NULL, Object(SensitiveParameterValue), 'businessdb')\n#1 {main}\n  thrown in C:\\xampp\\htdocs\\startphp2305010\\insertmyAction.php on line 8
[Sun Mar 30 11:47:11.816540 2025] [mpm_winnt:crit] [pid 38420:tid 468] AH02538: Child: Parent process exited abruptly. Child process is ending
[Sun Mar 30 11:47:20.475102 2025] [ssl:warn] [pid 2316:tid 504] AH01909: www.example.com:443:0 server certificate does NOT include an ID which matches the server name
[Sun Mar 30 11:47:20.505123 2025] [core:warn] [pid 2316:tid 504] AH00098: pid file C:/xampp/apache/logs/httpd.pid overwritten -- Unclean shutdown of previous Apache run?
[Sun Mar 30 11:47:20.507116 2025] [ssl:warn] [pid 2316:tid 504] AH01909: www.example.com:443:0 server certificate does NOT include an ID which matches the server name
[Sun Mar 30 11:47:20.537671 2025] [mpm_winnt:notice] [pid 2316:tid 504] AH00455: Apache/2.4.58 (Win64) OpenSSL/3.1.3 PHP/8.2.12 configured -- resuming normal operations
[Sun Mar 30 11:47:20.537671 2025] [mpm_winnt:notice] [pid 2316:tid 504] AH00456: Apache Lounge VS17 Server built: Oct 18 2023 13:03:18
[Sun Mar 30 11:47:20.537671 2025] [core:notice] [pid 2316:tid 504] AH00094: Command line: 'c:\\xampp\\apache\\bin\\httpd.exe -d C:/xampp/apache'
[Sun Mar 30 11:47:20.547767 2025] [mpm_winnt:notice] [pid 2316:tid 504] AH00418: Parent: Created child process 17956
[Sun Mar 30 11:47:20.921412 2025] [ssl:warn] [pid 17956:tid 480] AH01909: www.example.com:443:0 server certificate does NOT include an ID which matches the server name
[Sun Mar 30 11:47:20.949510 2025] [ssl:warn] [pid 17956:tid 480] AH01909: www.example.com:443:0 server certificate does NOT include an ID which matches the server name
[Sun Mar 30 11:47:20.976976 2025] [mpm_winnt:notice] [pid 17956:tid 480] AH00354: Child: Starting 150 worker threads.
